-- Nhập dữ liệu vào bảng Restaurants
INSERT INTO Restaurants (id, res_name, res_address, distance)
VALUES
    (1, 'Bò tơ Quán Mộc', '02 P. Hoa Lư, Lê Đại Hành, Hai Bà Trưng, Hà Nội', 1.20),
    (2, 'Tokyo Tan-Tan Ramen', '148B P. Bùi Thị Xuân, Bùi Thị Xuân, Hai Bà Trưng, Hà Nội, Việt Nam', 1.80),
    (3, 'Pizza 4P', 'Lầu 1, Toà nhà Keangnam Hanoi Landmark 72, Mễ Trì, Nam Từ Liêm, Hà Nội', 0.50),
    (4, 'Hanuri', '34 P. Đại La, Trương Định, Hai Bà Trưng, Hà Nội 11600, Việt Nam', 1.50),
    (5, 'Bánh Cuốn Đức Hạnh', 'B9 Ng. 43 P. Phạm Ngọc Thạch, Khu tập thể Kim Liên, Hoàn Kiếm, Hà Nội, Việt Nam', 2.00),
    (6, 'Cháo Sườn Bà Táo', '24 P. Hoa Lư, Lê Đại Hành, Hai Bà Trưng, Hà Nội, Việt Nam', 1.10),
    (7, 'Mì cay Seoul', '91 P. Trần Đại Nghĩa, Bách Khoa, Hai Bà Trưng, Hà Nội, Việt Nam', 0.80),
    (8, 'Gojumong', 'Tầng 1, Keangnam Landmark 72, Hà Nội', 0.40),
    (9, 'Nam Phương', '111E5 Tạ Quang Bửu', 0.70),
    (10, 'Bún Ngon Atom', '37 Tạ Quang Bửu', 0.65),
    (11, 'Tuấn Mai', '78 Tạ Quang Bửu', 0.60),
    (12, 'Singapore Chicken Rice', 'Tầng B1, Landmark 72', 0.30),
    (13, 'Okonomi', 'Tầng 2, Landmark 72', 0.35),
    (14, 'Xôi Minh Tâm', 'Gần Đại học Bách Khoa', 0.50),
    (15, 'Đậu Mơ', 'Ngõ 78 Đại La', 1.25),
    (16, 'Spicy Bowl', 'Tầng B1, Landmark 72', 0.40),
    (17, 'Cơm Việt', 'Tầng G, Landmark 72', 0.55),
    (18, 'Bún Chả Ngọc Anh', '44 Đại La', 1.30),
    (19, 'Bánh mì Phượng', '12 Tạ Quang Bửu', 0.60),
    (20, 'Bún đậu mắm tôm Thanh Hương', '82 Đại La', 1.10),
    (21, 'Phở Hà Nội', '25 Nguyễn Du, Hai Bà Trưng', 2.30),
    (22, 'Sushi Bar', '4 Ngọc Khánh, Ba Đình', 4.50),
    (23, 'Bánh xèo Ba Miền', '17 Cầu Giấy', 4.00),
    (24, 'Gà rán KFC', '86 Phố Huế, Hai Bà Trưng', 2.00),
    (25, 'Bánh cuốn Gia An', '42 Đại Cồ Việt', 1.50),
    (26, 'Mì ý La Dune', '4 Đặng Thái Thân', 2.40),
    (27, 'Bún đậu mắm tôm Mẹt', '30 Nguyễn Khang, Cầu Giấy', 4.20),
    (28, 'Bánh mì Kẹp', '16 Nguyễn Bỉnh Khiêm', 3.50),
    (29, 'Kyo Sushi', 'Tầng 2, Landmark 72', 0.40),
    (30, 'Cơm rang Kimchi', '35 Nguyễn Khuyến', 2.80),
    (31, 'Bún bò Huế Thịnh', '12 Phan Đình Giót', 3.00),
    (32, 'The Pizza Company', 'Tầng 1, Landmark 72', 0.30),
    (33, 'Noodle & Rice', '9 Đại Cồ Việt', 1.40),
    (34, 'Bún đậu Hương Béo', '56 Đình Thôn', 2.80),
    (35, 'La Pasta', '29 Nguyễn Lương Bằng', 3.50),
    (36, 'Bánh mì 36', '36 Tạ Quang Bửu', 0.75),
    (37, 'KFC (Hà Nội)', '92 Nguyễn Trãi', 4.50),
    (38, 'Viva Pizza', 'Tầng 2, Landmark 72', 0.35),
    (39, 'Bánh mì chảo Hoàng Mai', '12 Hoàng Mai', 2.00),
    (40, 'Bún chả Hương Liên', '24 Lê Văn Hưu', 1.60),
    (41, 'Kimbap Kimbap', '14 Nguyễn Trãi', 4.10),
    (42, 'Gà rán Lee', '24 Nguyễn Bỉnh Khiêm', 3.60),
    (43, 'Mì xào hải sản Hoàng Gia', '15 Kim Mã', 4.00),
    (44, 'Bánh mì 37', '37 Hàng Buồm', 4.50),
    (45, 'Salad ăn kiêng', '20 Tạ Quang Bửu', 0.85),
    (46, 'Cơm cuộn Hàn Quốc', '10 Hoàng Cầu', 3.80),
    (47, 'Bún chả cá Lã Vọng', '33 Đường Láng', 4.20),
    (48, 'Bánh xèo Bà Vui', '7 Đặng Tiến Đông', 3.60),
    (49, 'Mì gà xé phay', '20 Phan Huy Chú', 2.80),
    (50, 'Gỏi cuốn', '5 Bà Triệu', 1.50),
    (51, 'Mì Ý La Dune', '12 Trần Đại Nghĩa', 0.80),
    (52, 'Mì gà Đào Duy Từ', '20 Đào Duy Từ', 3.80),
    (53, 'Mì xào tôm thịt', '8 Hoàng Quốc Việt', 4.50),
    (54, 'Cơm rang dưa bò', '14 Nguyễn Khuyến', 2.70),
    (55, 'Cháo gà Hạnh', '10 Nguyễn Hữu Thọ', 3.00),
    (56, 'Phở trộn Hà Nội', '13 Trường Chinh', 2.20),
    (57, 'Bánh bao Hương Việt', '22 Nguyễn Thái Học', 4.00),
    (58, 'Bánh cuốn Thanh Vân', '13 Phố Huế', 1.70),
    (59, 'Phở Gà Lý Quốc Sư', '10 Lý Quốc Sư', 4.00),
    (60, 'Xôi chè Hòa Mã', '32 Hòa Mã', 1.90),
    (61, 'Bánh xèo Nhật Quang', '45 Cầu Giấy', 4.30),
    (62, 'Gà rán KFC', '18 Nguyễn Lương Bằng', 3.40),
    (63, 'Mì Nhật Sumo', '55 Lê Thanh Nghị', 1.10),
    (64, 'Bánh mì Phố Cổ', '24 Lương Văn Can', 4.50),
    (65, 'Cơm Tấm Sài Gòn', '14 Trường Chinh', 2.50),
    (66, 'Mì Vịt Tiềm', '10 Tô Hiệu', 4.20),
    (67, 'Bánh cuốn Thanh Sơn', '7 Phan Đình Phùng', 4.80),
    (68, 'Bún đậu mắm tôm', '15 Lê Đức Thọ', 2.90),
    (69, 'Bánh mì 15 phút', '21 Phố Huế', 1.40),
    (70, 'Mì xào bò', '28 Láng Hạ', 4.00),
    (71, 'Cơm gà Hồng Kông', '17 Nguyễn Chí Thanh', 4.00),
    (72, 'Bún bò Huế', '26 Phan Đình Phùng', 4.70),
    (73, 'Bánh cuốn chả mực', '12 Phố Huế', 1.60),
    (74, 'Mì hoành thánh', '18 Thái Thịnh', 3.70),
    (75, 'Cháo ếch', '25 Cầu Giấy', 4.20),
    (76, 'Bánh tráng cuốn thịt', '5 Nguyễn Cơ Thạch', 3.50),
    (77, 'Phở Hòa', '1 Nguyễn Văn Cừ', 3.80),
    (78, 'Cơm Trộn Sài Gòn', '16 Xã Đàn', 2.30),
    (79, 'Mì Xào Đài Loan', '22 Phạm Hùng', 2.10),
    (80, 'Bánh Bao Minh Đức', '8 Phương Mai', 1.70),
    (81, 'Cơm Gà Xối Mỡ', '10 Lê Thanh Nghị', 1.00),
    (82, 'Bún Chả Hồ Tây', '39 Hàng Than', 4.50);

-- Nhập dữ liệu vào bảng Category
INSERT INTO Category (id, category)
VALUES
    (1, 'Món cơm'),
    (2, 'Món mì, phở, bún'),
    (3, 'Món xôi, bánh bao'),
    (4, 'Món salad và cuốn'),
    (5, 'Món ăn nhanh'),
    (6, 'Món Nhật'),
    (7, 'Đồ khô: bánh mì');

-- Nhập dữ liệu vào bảng Dishes
INSERT INTO Dishes (dish_name, price, average_rating, calories, img_url, desrip, category_id, restaurant_id)
VALUES
    ('Bò tơ cuốn bánh tráng', 175, 4.7, 250, 'https://i.pinimg.com/736x/aa/09/fd/aa09fd603a16196e86e3470a60584c08.jpg', 'Món ăn truyền thống với thịt bò tươi ngon cuốn trong bánh tráng mềm, ăn kèm rau sống và nước mắm chua ngọt.', 4, 1),
    ('Tan Tan Ramen', 129, 4.4, 550, 'https://i.pinimg.com/736x/31/d4/dd/31d4dd8e32cb9f80999ffc5df376b86c.jpg', 'Món mì ramen Nhật Bản với nước dùng cay nồng, kết hợp với thịt bằm và gia vị đặc trưng.', 6, 1),
    ('Toku TanTan Ramen', 169, 4.4, 650, 'https://i.pinimg.com/736x/05/45/80/05458036394edf41c89fafdb83a9a1f9.jpg', 'Ramen vị cay đặc biệt với nước dùng đậm đà, cùng với thịt xay và các loại gia vị hảo hạng.', 6, 1),
    ('Miso Ramen', 119, 4.4, 500, 'https://i.pinimg.com/736x/03/46/10/034610fefbb7c4e3dbfe6f0bc35df29a.jpg', 'Mì ramen với nước dùng miso đặc trưng, kết hợp với thịt và rau củ tươi ngon.', 6, 1),
    ('Yakisoba', 89, 4.4, 350, 'https://i.pinimg.com/736x/db/dd/e3/dbdde3498518c11af035d374807eca41.jpg', 'Món mì xào Nhật Bản với thịt và rau củ, gia vị đậm đà, mang lại hương vị đặc sắc.', 6, 1),
    ('Sashimi cá hồi', 179, 4.4, 125, 'https://i.pinimg.com/736x/06/52/1d/06521d80880512d8b8d7806879ef8164.jpg', 'Món sashimi cá hồi tươi ngon, được cắt lát mỏng, ăn kèm với wasabi và nước tương.', 6, 1),
    ('Cơm cuộn phủ bơ', 129, 4.4, 300, 'https://hocnauan.edu.vn/wp-content/uploads/2015/06/sushi-cuon-bo-tuoi.jpg', 'Cơm cuộn sushi được phủ lớp bơ mềm mịn, mang lại hương vị béo ngậy đặc trưng.', 6, 1),
    ('Cơm cuộn mix', 139, 4.4, 350, 'https://i.pinimg.com/736x/f8/2f/80/f82f807b33a1dc41fd018fca69cd7a73.jpg', 'Cơm cuộn mix với nhiều loại nguyên liệu tươi ngon như cá hồi, rau củ, cùng gia vị đặc biệt.', 6, 1),
    ('Cơm lươn', 229, 4.4, 400, 'https://i.pinimg.com/736x/73/21/80/7321805cd1966e41cc3094edd260be0f.jpg', 'Cơm lươn nướng thơm ngon, ăn kèm với rau sống và gia vị đặc biệt.', 6, 1),
    ('Gà chiên kiểu Nhật', 109, 4.4, 450, 'https://i.pinimg.com/736x/e2/92/44/e2924439ffd432d1edb9d2ec0467f381.jpg', 'Gà chiên giòn với lớp vỏ ngoài giòn rụm, bên trong thịt gà mềm và đậm đà.', 6, 1),
    ('Takoyaki', 69, 4.4, 175, 'https://i.pinimg.com/736x/66/3b/e7/663be70dcbded36d616b3f726b2683a4.jpg', 'Bánh takoyaki truyền thống của Nhật Bản, nhân bạch tuộc tươi ngon, ăn kèm với sốt đặc biệt.', 6, 1),
    ('Pizza 4 loại phô mai', 240, 4.6, 1050, 'https://i.pinimg.com/736x/99/ba/ee/99baeeb80d66f03a3389864d7256ec6f.jpg', 'Pizza với bốn loại phô mai hòa quyện, mang lại hương vị béo ngậy và thơm ngon.', 5, 2),
    ('Pizza 4P Margherita', 150, 4.6, 900, 'https://i.pinimg.com/736x/0e/b5/46/0eb54663f950783eb3e9a76974bbc60a.jpg', 'Pizza Margherita với lớp phô mai mozzarella mịn màng, sốt cà chua tươi ngon và lá húng quế thơm phức.', 5, 2),
    ('Pizza bí ngòi sốt Quế Tây', 145, 4.5, 800, 'https://i.pinimg.com/736x/0b/11/0f/0b110feaf7638826e55be817331f362e.jpg', 'Pizza với sốt quế Tây đặc biệt, kết hợp với bí ngòi tươi ngon và phô mai béo ngậy.', 5, 2),
    ('Mì Ý sốt kem với cua và sốt cà chua', 225, 4.6, 700, 'https://th.bing.com/th/id/OIP.PJGnr4DKCNoiu-n5Y-4lUAAAAA?rs=1&pid=ImgDetMain', 'Mì Ý sốt kem mềm mại kết hợp với cua và sốt cà chua thơm ngon.', 5, 2),
    ('Salad tôm và bơ', 115, 4.6, 300, 'https://i.pinimg.com/736x/e5/1d/5a/e51d5a35fd4554d8b1df597f58e876ef.jpg', 'Salad với tôm tươi ngon và bơ mềm mịn, trộn cùng các loại rau sống tươi mát.', 4, 1),
    ('Tokbokki', 35, 4.6, 350, 'https://i.pinimg.com/736x/69/f9/f6/69f9f67649f501a7bca9ea464b74e772.jpg', 'Tokbokki món ăn Hàn Quốc nổi tiếng với bánh gạo dẻo, sốt cay và đậm đà.', 1, 2),
    ('Kimbap truyền thống', 50, 4.6, 275, 'https://i.pinimg.com/736x/24/b8/d7/24b8d7a3bbcac08a79dd2b0cc9cd1bc5.jpg', 'Kimbap truyền thống Hàn Quốc với cơm, rau và thịt cuộn trong lá rong biển.', 4, 2),
    ('Mì tương đen', 80, 4.6, 450, 'https://i.pinimg.com/736x/ea/47/54/ea4754fef56c6b043e8c4add03589f8b.jpg', 'Mì tương đen Hàn Quốc với nước sốt đặc trưng và hương vị đậm đà.', 2, 2),
    ('Miến lạnh', 90, 4.6, 250, 'https://i.pinimg.com/736x/d1/bc/5e/d1bc5ea83fee4a0eed0e2b8ff3618808.jpg', 'Miến lạnh Hàn Quốc ăn kèm với nước tương mặn và gia vị tươi ngon.', 2, 2),
    ('Canh kim chi', 65, 4.6, 75, 'https://i.pinimg.com/736x/bd/e9/7a/bde97a7441f5d34f3e33ee5b5e111da1.jpg', 'Canh kim chi Hàn Quốc với vị cay đặc trưng và rau củ tươi ngon.', 1, 2),
    ('Cơm trộn', 80, 4.6, 450, 'https://i.pinimg.com/736x/c5/9f/ef/c59feff1ee1dd19b04e60eefc55043c9.jpg', 'Cơm trộn với các loại rau củ tươi ngon, thịt bò hoặc gà, trộn đều cùng với gia vị đặc biệt.', 1, 2),
    ('Bánh xèo hải sản Okonomi', 150, 4.6, 350, 'https://i.pinimg.com/736x/cf/7f/4f/cf7f4f4263252b29ca8c1f5b52592970.jpg', 'Bánh xèo giòn rụm với nhân hải sản tươi ngon, kết hợp với rau sống và nước mắm chua ngọt.', 6, 2),
    ('Bánh cuốn chả lẫn', 40, 4.7, 225, 'https://c1.staticflickr.com/5/4004/4204672923_83782d78f1_b.jpg', 'Bánh cuốn mỏng, ăn kèm với chả lẫn thơm ngon và nước mắm chua ngọt.', 4, 3),
    ('Bánh cuốn chả nướng', 35, 4.7, 275, 'https://i.pinimg.com/736x/f5/11/e6/f511e6ffef198c0b41db1cc7440d346c.jpg', 'Bánh cuốn nhân thịt chả nướng, đậm đà và thơm ngon, ăn kèm rau sống và nước mắm.', 4, 3),
    ('Bánh cuốn chả quế', 25, 4.7, 275, 'https://i.pinimg.com/736x/c5/10/81/c510819cd449293cedb2843e19fa0c04.jpg', 'Bánh cuốn với nhân chả quế, thơm ngon, ăn kèm với rau và nước mắm đặc trưng.', 4, 3),
    ('Bánh cuốn trứng', 10, 4.7, 275, 'https://i.pinimg.com/736x/86/57/dd/8657dd9dbc90ecb2a74143340549e983.jpg', 'Bánh cuốn trứng mềm mịn, ăn kèm với chả, rau sống và nước mắm.', 4, 3),
    ('Gà tần', 60, 4.7, 400, 'https://i.pinimg.com/736x/58/e3/03/58e303ed0cbdb8cc49cac96261a997b9.jpg', 'Gà tần hầm nhừ, thơm ngon, bổ dưỡng, ăn kèm với gừng và gia vị.', 2, 4),
    ('Mì gà tần', 70, 4.7, 450, 'https://i.pinimg.com/736x/b8/cd/a2/b8cda2ffdd0a1243ce3916625c4c7e89.jpg', 'Mì gà tần với nước dùng đậm đà, thịt gà mềm mịn, ăn kèm với mì trứng dai ngon.', 2, 4),
    ('Cháo trắng', 12, 4.6, 125, 'https://i.pinimg.com/736x/1e/45/c8/1e45c81a141c4acf3011e26ca863dfce.jpg', 'Cháo trắng đơn giản, nhẹ nhàng, ăn kèm với gia vị hoặc thịt kho tùy thích.', 1, 5),
    ('Cháo sườn', 35, 4.6, 300, 'https://i.pinimg.com/736x/fe/4d/d0/fe4dd0224f8c248cdb424bf0fc9998cd.jpg', 'Cháo sườn thơm ngon, mềm, ăn kèm với hành, tiêu, gia vị và rau thơm.', 1, 5),
    ('Cháo lưỡi', 45, 4.6, 225, 'https://i.pinimg.com/736x/b8/c7/40/b8c740e241f83133a0f8f3dc8c780d4b.jpg', 'Cháo lưỡi mềm mại, thơm ngon, ăn kèm với hành phi và gia vị đặc biệt.', 1, 5),
    ('Cháo móng giò', 35, 4.6, 275, 'https://i.pinimg.com/736x/9f/f0/df/9ff0dfd8c2b96b711301294120596695.jpg', 'Cháo móng giò hầm nhừ, đậm đà, ăn kèm với hành, tiêu và rau thơm.', 1, 5),
    ('Mì bò', 45, 4.6, 450, 'https://i.pinimg.com/736x/57/33/11/573311e58f90bca62664a1c8f0de32e5.jpg', 'Mì bò thơm ngon với nước dùng đậm đà, thịt bò mềm, ăn kèm với các loại rau.', 2, 4),
    ('Takoyaki', 39, 4.6, 175, 'https://i.pinimg.com/736x/57/93/07/57930742d9b0d41170f600be2c1fb8a2.jpg', 'Takoyaki món ăn Nhật Bản với bạch tuộc tươi ngon, bột bánh giòn và nước sốt đặc trưng.', 6, 4),
    ('Kimbap', 35, 4.6, 275, 'https://i.pinimg.com/736x/38/2f/16/382f16af8eb48e7a11d238e5e497d2b3.jpg', 'Kimbap cuộn với cơm, thịt, rau củ, ăn kèm với kimchi và nước tương.', 2, 1),
    ('Cơm trộn Bibimbap', 35, 4.6, 550, 'https://i.pinimg.com/736x/fc/eb/de/fcebde1e3d6b3f63792749e0914f06a1.jpg', 'Cơm trộn Bibimbap với cơm nóng, rau củ tươi, thịt bò, trứng và gia vị Hàn Quốc đặc trưng.', 1, 1),
    ('Tokbokki', 35, 4.6, 350, 'https://i.pinimg.com/736x/69/cb/43/69cb432fdbc617e351845109947ae9f1.jpg', 'Tokbokki là món ăn Hàn Quốc với bánh gạo dẻo, sốt cay và gia vị đậm đà.', 1, 1),
    ('Bò nướng Bulgogi', 120, 4.7, 600, 'https://i.pinimg.com/736x/85/34/c0/8534c04ee92182b4a6c95d3ae7ed545e.jpg', 'Bò nướng Bulgogi Hàn Quốc, thịt bò tẩm gia vị nướng thơm lừng, ăn kèm với rau sống và cơm.', 1, 2),
    ('Bibimbap', 110, 4.7, 750, 'https://i.pinimg.com/736x/67/0f/13/670f13d00ae7b3b8cc5ebcba23aba586.jpg', 'Bibimbap Hàn Quốc với cơm trộn, rau củ tươi, thịt bò và trứng, ăn kèm với sốt ớt đặc biệt.', 1, 2),
    ('Cơm tấm Sài Gòn', 40, 4.3, 500, 'https://i.pinimg.com/736x/70/83/b7/7083b797ace1ccefb8517c5cd0cd4b74.jpg', 'Cơm tấm Sài Gòn với sườn nướng thơm ngon, ăn kèm với trứng ốp la và nước mắm.', 1, 3),
    ('Bún riêu cua', 35, 4.5, 350, 'https://i.pinimg.com/736x/af/3b/ba/af3bbae091427d8c11c741e09a34e9d8.jpg', 'Bún riêu cua với nước dùng chua thanh, cua tươi ngon và các loại rau sống.', 4, 4),
    ('Bánh mì chảo', 50, 4.6, 600, 'https://i.pinimg.com/736x/99/32/5f/99325f293f586c324273d633c94095a2.jpg', 'Bánh mì chảo nóng hổi, ăn kèm với trứng, thịt xông khói, pate và rau.', 5, 5),
    ('Cơm gà Hải Nam', 80, 4.4, 550, 'https://i.pinimg.com/736x/5c/cb/9c/5ccb9cc310e0ac5be1d2609a5c28353f.jpg', 'Cơm gà Hải Nam với gà luộc mềm, ăn kèm với cơm dẻo và nước sốt đặc biệt.', 1, 6),
    ('Bánh xèo Nhật Bản', 70, 4.3, 300, 'https://i.pinimg.com/736x/aa/b7/fd/aab7fd65eb795ee371a037f82a699b5a.jpg', 'Bánh xèo Nhật Bản giòn rụm, nhân hải sản và rau sống tươi ngon.', 3, 7),
    ('Xôi chim', 40, 4.2, 450, 'https://i.pinimg.com/736x/61/d4/08/61d4087e66315e779e7f6bb496c3464c.jpg', 'Xôi chim đặc sản, thịt chim mềm, thơm ngon, ăn kèm với xôi nếp dẻo.', 6, 8),
    ('Bún đậu mắm tôm', 35, 4.2, 350, 'https://i.pinimg.com/736x/9b/0d/80/9b0d80ee7ff3b75b8fe313af80c75d4a.jpg', 'Bún đậu mắm tôm với đậu phụ chiên giòn, bún tươi và nước mắm tôm đặc trưng.', 4, 9),
    ('Mì cay', 60, 4.0, 400, 'https://i.pinimg.com/736x/39/82/c7/3982c7f154717df842113ef2894e7138.jpg', 'Mì cay với nước dùng đậm đà, gia vị cay nồng, ăn kèm với rau và thịt tươi.', 4, 10),
    ('Cơm rang thập cẩm', 50, 4.5, 500, 'https://i.pinimg.com/736x/a0/eb/93/a0eb938b2336fb18ff3f00075b6325af.jpg', 'Cơm rang thập cẩm với các loại thịt, rau củ và gia vị thơm ngon, tạo nên một món ăn đầy đủ và hấp dẫn.', 1, 11),
    ('Bún chả truyền thống', 40, 4.3, 450, 'https://i.pinimg.com/736x/fd/f4/97/fdf4976b7465358d77913114b770eb6e.jpg', 'Bún chả truyền thống với thịt nướng thơm lừng, ăn kèm bún tươi và nước mắm chua ngọt đặc trưng.', 4, 12),
    ('Bánh mì chả cá', 30, 4.6, 500, 'https://i.pinimg.com/736x/a5/f7/5b/a5f75b61f4ec90aa07c585745827091d.jpg', 'Bánh mì chả cá với lớp chả cá tươi ngon, ăn kèm với rau sống và nước sốt đặc biệt.', 5, 13),
    ('Bún đậu mắm tôm', 40, 4.5, 350, 'https://i.pinimg.com/736x/a5/89/cf/a589cf5f4b4ed5e1d7443c807e2c9a84.jpg', 'Bún đậu mắm tôm với đậu hũ chiên giòn, ăn kèm thịt luộc và nước mắm tôm đậm đà.', 4, 14),
    ('Phở bò', 50, 4.7, 450, 'https://i.pinimg.com/736x/11/ee/7a/11ee7af5bc5ca03b5ceda6af7a88a85d.jpg', 'Phở bò với nước dùng trong, thịt bò thái mỏng, cùng với bánh phở mềm mại và các loại rau thơm.', 4, 15),
    ('Sushi cuộn cá hồi', 120, 4.6, 300, 'https://i.pinimg.com/736x/ac/dc/24/acdc2411073819f0216c2f74d3d22f39.jpg', 'Sushi cuộn cá hồi tươi ngon, ăn kèm với wasabi và nước tương tạo nên sự hòa quyện hoàn hảo.', 3, 16),
    ('Bánh xèo miền Trung', 45, 4.4, 400, 'https://i.pinimg.com/736x/2f/ab/2b/2fab2b34f113ad9fb0bdfaa2714311a5.jpg', 'Bánh xèo miền Trung giòn rụm, nhân tôm thịt kết hợp với giá đỗ và rau sống tươi ngon.', 2, 17),
    ('Gà rán', 80, 4.3, 600, 'https://i.pinimg.com/736x/bb/c3/1a/bbc31a772affac6658a9cc3d3e711214.jpg', 'Gà rán giòn rụm, lớp vỏ ngoài giòn tan, thịt bên trong mềm ngọt, ăn kèm với sốt BBQ đặc biệt.', 7, 18),
    ('Bánh cuốn nóng', 30, 4.5, 350, 'https://i.pinimg.com/736x/a3/bb/c5/a3bbc555f74ccb8472facd31340740c9.jpg', 'Bánh cuốn nóng với nhân thịt băm và mộc nhĩ, ăn kèm với nước mắm chua ngọt và rau sống.', 2, 19),
    ('Mì ý sốt kem hải sản', 60, 4.6, 550, 'https://i.pinimg.com/736x/84/e5/28/84e528911a5b9cc13415d87bec67ae17.jpg', 'Mì Ý sốt kem hải sản với các loại hải sản tươi ngon, sốt kem béo ngậy và mì mềm.', 4, 20),
    ('Bún đậu mắm tôm', 40, 4.2, 400, 'https://i.pinimg.com/736x/cb/93/71/cb9371ed1a45bb141427cf6598f47739.jpg', 'Bún đậu mắm tôm với đậu hũ chiên giòn, thịt ba chỉ luộc và nước mắm tôm đặc trưng của miền Bắc.', 4, 21),
    ('Bánh mì kẹp thịt nướng', 35, 4.4, 450, 'https://i.pinimg.com/736x/90/37/7a/90377a83be3de2ca6f46a8f4f78c3ac1.jpg', 'Bánh mì kẹp thịt nướng với thịt nướng thơm lừng, kèm rau sống và nước sốt đặc biệt.', 5, 22),
    ('Sushi cuộn trứng cá hồi', 100, 4.5, 350, 'https://i.pinimg.com/736x/f5/7b/11/f57b11bd6ad08e97c8cf4d9ae960ee58.jpg', 'Sushi cuộn trứng cá hồi tươi ngon, có vị ngọt tự nhiên và là món ăn hấp dẫn cho những ai yêu thích ẩm thực Nhật Bản.', 6, 2),
    ('Cơm rang kimchi', 45, 4.3, 500, 'https://i.pinimg.com/736x/c3/82/15/c382159e5d425c9d1f159d98443117e0.jpg', 'Cơm rang kimchi với hương vị chua cay đặc trưng, kết hợp với thịt và rau củ tạo nên một món ăn đậm đà và hấp dẫn.', 1, 3),
    ('Bún bò Huế', 50, 4.6, 450, 'https://i.pinimg.com/736x/04/b6/f9/04b6f958f5f053fbaefccddd1007aa48.jpg', 'Bún bò Huế với nước dùng đậm đà, thịt bò và giò heo mềm, ăn kèm với rau sống và chanh tươi.', 2, 4),
    ('Pizza hải sản', 120, 4.5, 600, 'https://i.pinimg.com/736x/45/55/a9/4555a9479ef1df306141adaa14802fc7.jpg', 'Pizza hải sản với các loại hải sản tươi ngon, phô mai béo ngậy và sốt cà chua thơm mát.', 5, 5),
    ('Cơm tấm sườn nướng', 45, 4.4, 500, 'https://i.pinimg.com/736x/3f/6a/df/3f6adfe26e251551e211bc10aa6dad82.jpg', 'Cơm tấm sườn nướng với sườn nướng thơm lừng, ăn kèm với rau sống và nước mắm chua ngọt.', 1, 6),
    ('Bún đậu mắm tôm', 40, 4.3, 400, 'https://i.pinimg.com/736x/6a/65/ad/6a65ad1501e471b193ee434d630191cc.jpg', 'Bún đậu mắm tôm với đậu hũ chiên giòn, thịt luộc và mắm tôm đặc trưng của miền Bắc.', 2, 7),
    ('Mì Ý sốt bò băm', 60, 4.4, 500, 'https://i.pinimg.com/736x/6a/4a/ef/6a4aefdb7b5f2d005345eca97f85f27a.jpg', 'Mì Ý sốt bò băm với thịt bò xào mềm, sốt cà chua thơm ngọt và mì dai ngon.', 2, 8),
    ('Bánh mì thịt nguội', 35, 4.5, 400, 'https://i.pinimg.com/736x/28/bd/ab/28bdabe10848afb6b45a269251d0935e.jpg', 'Bánh mì thịt nguội với lớp thịt nguội thơm ngon, ăn kèm rau sống và sốt mayonnaise.', 7, 9),
    ('Gà chiên giòn', 80, 4.3, 600, 'https://i.pinimg.com/736x/94/4e/0f/944e0f67024ddea0722c6bb8bfb0caf7.jpg', 'Gà chiên giòn với lớp vỏ giòn tan, thịt gà bên trong mềm ngọt, ăn kèm với sốt chua ngọt.', 5, 10),
    ('Pizza hải sản', 120, 4.7, 550, 'https://i.pinimg.com/736x/18/da/5f/18da5f5e2b5498824a3cbdd0a8d94029.jpg', 'Pizza hải sản với nhiều loại hải sản tươi ngon, phô mai béo ngậy và đế bánh giòn rụm.', 5, 11),
    ('Bánh mì chảo thịt heo', 40, 4.6, 500, 'https://i.pinimg.com/736x/f4/20/89/f42089d9d4881e4afc5c88f2e8c1fdaa.jpg', 'Bánh mì chảo thịt heo với thịt heo chiên giòn, ăn kèm bánh mì nóng và trứng ốp la.', 7, 12),
    ('Bún chả Hà Nội', 45, 4.6, 450, 'https://i.pinimg.com/736x/89/ba/2e/89ba2e01695f8626f9d4fd51f12ef25b.jpg', 'Bún chả Hà Nội với thịt nướng thơm ngon, ăn kèm bún tươi và rau sống.', 2, 13),
    ('Kimbap trứng cá hồi', 35, 4.5, 400, 'https://i.pinimg.com/736x/04/7a/97/047a97bbf9567166c856e11eec1966cf.jpg', 'Kimbap trứng cá hồi với lớp trứng cá hồi tươi ngon, kết hợp với rau và cơm nếp thơm dẻo.', 1, 14),
    ('Gà rán giòn', 85, 4.4, 600, 'https://i.pinimg.com/736x/70/6c/c4/706cc4398ed06620bc9a07976a52e124.jpg', 'Gà rán giòn với lớp vỏ ngoài giòn tan, thịt bên trong mềm, ăn kèm với sốt ngon.', 5, 15),
    ('Mì xào hải sản', 60, 4.6, 500, 'https://i.pinimg.com/736x/f4/f5/ae/f4f5aea8cab79cf6c8965e8931b7075c.jpg', 'Mì xào hải sản với các loại hải sản tươi ngon, mì mềm, sốt thơm và gia vị đậm đà.', 2, 16),
    ('Bánh mì ốp la thịt nguội', 30, 4.4, 500, 'https://i.pinimg.com/736x/36/70/0f/36700f8c62c79730f5ae5c3d9f1304a1.jpg', 'Bánh mì ốp la thịt nguội với trứng ốp la, thịt nguội, rau sống và sốt mayonnaise.', 7, 17),
    ('Salad rau trộn', 40, 4.3, 250, 'https://i.pinimg.com/736x/39/54/86/3954863e05d71f9eb0d34f223b804f47.jpg', 'Salad rau trộn tươi ngon với các loại rau củ, ăn kèm với nước sốt trộn thơm mát.', 4, 18),
    ('Cơm cuộn trứng cá ngừ', 50, 4.5, 450, 'https://th.bing.com/th/id/OIP.MbtlYhFF9mXIBqJBCbfpGgHaEo?rs=1&pid=ImgDetMain', 'Cơm cuộn trứng cá ngừ với lớp trứng cá ngừ tươi ngon, ăn kèm với rau sống và gia vị đặc trưng.', 1, 19),
    ('Bún chả cá Lã Vọng', 60, 4.7, 500, 'https://i.pinimg.com/236x/c8/a0/78/c8a078d426859d4777a4e91133651f96.jpg', 'Bún chả cá Lã Vọng với chả cá tươi ngon, ăn kèm với bún tươi và rau sống, chấm cùng nước mắm pha chua ngọt.', 2, 20),
    ('Bánh xèo tôm thịt', 40, 4.4, 450, 'https://i.pinimg.com/736x/1c/f3/83/1cf3836f0008f3a6de8e4a4ca7566bf0.jpg', 'Bánh xèo giòn tan, nhân tôm thịt đầy đặn, ăn kèm với rau sống và nước mắm chua ngọt.', 4, 21),
    ('Mì gà xé phay', 50, 4.5, 550, 'https://i.pinimg.com/736x/ef/d9/5c/efd95ce219cb86cb0d54bf1fb6626c77.jpg', 'Mì gà xé phay với thịt gà tươi ngon, nước dùng thanh nhẹ, ăn kèm với rau và gia vị.', 2, 22),
    ('Gỏi cuốn tôm thịt', 40, 4.6, 300, 'https://i.pinimg.com/736x/dd/45/96/dd45963967ffa9e5ba00e8f62b0937a0.jpg', 'Gỏi cuốn tôm thịt tươi ngon, bánh tráng mỏng, cuộn với rau sống và tôm thịt, chấm cùng nước mắm chua ngọt.', 4, 23),
    ('Mì Ý sốt kem tôm', 65, 4.6, 550, 'https://i.pinimg.com/736x/61/b0/7a/61b07a4656477d646ea84fb27439857a.jpg', 'Mì Ý sốt kem tôm mềm mịn, kết hợp với sốt kem béo ngậy, tôm tươi ngon và gia vị đặc biệt.', 2, 24),
    ('Mì gà trứng muối', 45, 4.4, 500, 'https://static.riviu.co/960/image/2021/01/27/5a9f1b8469622adb3fed0f358cc0df25_output.jpeg', 'Mì gà trứng muối thơm ngon, với trứng muối béo ngậy, thịt gà mềm, ăn kèm với mì tươi và rau.', 2, 25),
    ('Mì xào tôm thịt', 55, 4.5, 500, 'https://i.pinimg.com/736x/ea/04/4c/ea044c2c2a81a6b3f0398e2d54d5e59b.jpg', 'Mì xào tôm thịt giòn, thấm đẫm gia vị, kết hợp với tôm và thịt thơm ngon, ăn kèm rau củ tươi.', 2, 26),
    ('Cơm rang dưa bò', 60, 4.3, 600, 'https://i.pinimg.com/736x/40/45/c5/4045c5ee9388fe1949d8449d5d884ec8.jpg', 'Cơm rang dưa bò với thịt bò mềm, dưa chua giòn, kết hợp với cơm rang thơm phức.', 1, 27),
    ('Cháo gà xé phay', 35, 4.5, 350, 'https://i.pinimg.com/236x/06/12/6a/06126aa1fa8ae4d83e1f924a18082bc7.jpg', 'Cháo gà xé phay ấm nóng, thịt gà mềm, ăn kèm với hành phi và gia vị tạo nên hương vị đậm đà.', 1, 28),
    ('Phở trộn thịt bò', 55, 4.6, 450, 'https://i.pinimg.com/736x/40/57/2a/40572a626cda8da4fa245f94d3516018.jpg', 'Phở trộn thịt bò với thịt bò mềm, nước sốt đậm đà, ăn kèm với rau sống tươi ngon.', 2, 29),
    ('Bánh bao chay', 15, 4.4, 300, 'https://i.pinimg.com/236x/1a/d9/50/1ad9503afea9e5a6da3cc772a4082880.jpg', 'Bánh bao chay nhân đậu xanh ngọt mát, vỏ bánh mềm mịn, thơm ngon.', 3, 1),
    ('Bánh cuốn nhân thịt', 35, 4.6, 350, 'https://i.pinimg.com/736x/18/5e/ca/185eca0f3b73db7561ad25d83181baec.jpg', 'Bánh cuốn nhân thịt thơm ngon, vỏ bánh mềm mịn, nhân thịt băm nhỏ, ăn kèm với nước mắm chua ngọt.', 3, 2),
    ('Phở gà', 50, 4.7, 400, 'https://i.pinimg.com/236x/fb/e8/e2/fbe8e2a3ef0d445f185e26bd3b8c6837.jpg', 'Phở gà nước dùng trong, thơm mùi gà, thịt gà mềm và dai, ăn kèm với hành lá và rau sống.', 2, 3),
    ('Xôi chè đậu xanh', 25, 4.5, 300, 'https://i.pinimg.com/736x/90/52/dd/9052dd4e9f11a0e58c365fe2a4abc721.jpg', 'Xôi chè đậu xanh ngọt ngào, xôi dẻo thơm, chè đậu xanh béo ngậy, ăn rất thích hợp vào buổi sáng.', 3, 4),
    ('Bánh xèo tôm thịt', 40, 4.4, 500, 'https://i.pinimg.com/736x/67/1c/6a/671c6a2aae442058d121b82605574d24.jpg', 'Bánh xèo tôm thịt giòn rụm, nhân tôm thịt đầy đặn, ăn kèm với rau sống và nước mắm pha chua ngọt.', 4, 5),
    ('Gà rán giòn kiểu KFC', 85, 4.3, 600, 'https://i.pinimg.com/736x/b5/cb/37/b5cb37a6d71ac253cdbf130aeb2135c4.jpg', 'Gà rán giòn kiểu KFC với lớp vỏ giòn rụm, thịt gà mềm, ngọt, ăn kèm với khoai tây chiên và sốt.', 5, 6),
    ('Mì udon thịt bò', 60, 4.5, 500, 'https://i.pinimg.com/236x/fe/3b/d3/fe3bd380e13e52ae95e35083c1a616ed.jpg', 'Mì udon thịt bò mềm mịn, thịt bò thái mỏng, ăn kèm với nước sốt đậm đà và rau củ tươi.', 6, 7),
    ('Bánh mì thịt nướng', 30, 4.6, 450, 'https://i.pinimg.com/236x/f5/f1/98/f5f1981d14514bf0ec99d57a505a91fc.jpg', 'Bánh mì thịt nướng thơm ngon, thịt nướng mềm, ăn kèm với rau sống và nước mắm tỏi ớt.', 7, 8),
    ('Cơm tấm sườn nướng', 70, 4.7, 650, 'https://i.pinimg.com/736x/45/f9/d7/45f9d7ed766057a781bfe4f7a2d55ac7.jpg', 'Cơm tấm sườn nướng thơm lừng, sườn mềm và thấm gia vị, ăn kèm với cơm tấm dẻo thơm.', 1, 9),
    ('Mì vịt tiềm', 60, 4.6, 500, 'https://i.pinimg.com/236x/29/51/00/295100c37301857dead1cf078a4949b2.jpg', 'Mì vịt tiềm với vịt hầm mềm, nước dùng đậm đà, ăn kèm với mì tươi và rau.', 2, 10),
    ('Bánh cuốn thịt lợn', 35, 4.6, 350, 'https://i.pinimg.com/236x/8c/2b/8d/8c2b8d289b3f94cc9e2be6157422c13c.jpg', 'Bánh cuốn thịt lợn với nhân thịt băm mềm, ăn kèm với nước mắm chua ngọt và rau sống.', 4, 11),
    ('Bún đậu mắm tôm', 50, 4.5, 400, 'https://i.pinimg.com/236x/78/23/bc/7823bcc797ee4606303aacb4639a7c5d.jpg', 'Bún đậu mắm tôm là món ăn đặc trưng với bún tươi, đậu hủ giòn, ăn kèm với thịt luộc và mắm tôm đặc trưng.', 2, 12),
    ('Bánh mì thịt xíu mại', 35, 4.4, 450, 'https://i.pinimg.com/736x/bb/29/dc/bb29dc94f7bd218187faf53aaea67361.jpg', 'Bánh mì thịt xíu mại với nhân xíu mại mềm mịn, ăn kèm với rau sống và sốt đặc biệt.', 7, 13),
    ('Mì xào bò', 55, 4.5, 500, 'https://i.pinimg.com/236x/9b/2c/34/9b2c343b09aa89d1e8b6a3fff61adb4b.jpg', 'Mì xào bò thơm ngon, thịt bò mềm thấm gia vị, ăn kèm với rau củ tươi.', 2, 14);


-- Sprint2
-- Seed data cho bảng User
INSERT INTO Users (username, password, email)
VALUES
    ('john_doe', 'password123', 'john.doe@example.com'),
    ('jane_smith', 'securePass456', 'jane.smith@example.com'),
    ('alice_williams', 'qwerty789', 'alice.williams@example.com'),
    ('bob_brown', 'mypassword321', 'bob.brown@example.com'),
    ('carol_johnson', 'carol1234', 'carol.johnson@example.com'),
    ('sarah_connor', 'terminator123', 'sarah.connor@example.com'),
    ('bruce_wayne', 'batman456', 'bruce.wayne@example.com'),
    ('clark_kent', 'superman789', 'clark.kent@example.com'),
    ('diana_prince', 'wonderwoman321', 'diana.prince@example.com'),
    ('tony_stark', 'ironman123', 'tony.stark@example.com');

-- Seed data cho bảng Cart
INSERT INTO Cart (user_id)
VALUES 
    (1),
    (2),
    (3),
    (4),
    (5),
    (6),
    (7),
    (8),
    (9),
    (10);


-- Seed data cho bảng Cart_items
INSERT INTO Cart_items (cart_id, dish_id)
VALUES 
    (1, 1),
    (1, 2),
    (2, 3),
    (2, 4),
    (3, 5),
    (3, 6),
    (4, 7),
    (5, 8),
    (5, 9),
    (6, 10),
    (6, 11),
    (7, 12),
    (7, 13),
    (8, 14),
    (8, 15),
    (9, 16),
    (10, 17),
    (10, 18);

-- Seed data cho bảng Order_items
INSERT INTO Order_items (cart_id, dish_id, price, quantity, total, status)
VALUES 
    (1, 1, 175.00, 2, 350.00, 'confirmed'),
    (1, 2, 129.00, 1, 129.00, 'not_confirmed'),
    (2, 3, 169.00, 3, 507.00, 'confirmed'),
    (2, 4, 119.00, 1, 119.00, 'not_confirmed'),
    (3, 5, 89.00, 4, 356.00, 'confirmed'),
    (3, 6, 179.00, 2, 358.00, 'not_confirmed'),
    (4, 7, 129.00, 1, 129.00, 'confirmed'),
    (5, 8, 139.00, 3, 417.00, 'confirmed'),
    (5, 9, 229.00, 1, 229.00, 'not_confirmed'),
    (6, 10, 155.00, 2, 310.00, 'confirmed'),
    (6, 11, 105.00, 1, 105.00, 'not_confirmed'),
    (7, 12, 145.00, 3, 435.00, 'confirmed'),
    (7, 13, 115.00, 2, 230.00, 'not_confirmed'),
    (8, 14, 195.00, 1, 195.00, 'confirmed'),
    (8, 15, 135.00, 2, 270.00, 'not_confirmed'),
    (9, 16, 125.00, 1, 125.00, 'confirmed'),
    (10, 17, 165.00, 4, 660.00, 'confirmed'),
    (10, 18, 185.00, 1, 185.00, 'not_confirmed');

-- Seed data cho bảng Feedback
INSERT INTO Feedback (user_id, dish_id, rating, comment)
VALUES 
    (1, 1, 4.5, 'Món ăn ngon, hương vị vừa miệng.'),
    (2, 2, 4.0, 'Hương vị ổn, cần cải thiện gia vị.'),
    (3, 3, 5.0, 'Hài lòng, món ăn rất ngon.'),
    (4, 4, 3.5, 'Món ăn ngon nhưng cần giữ nóng lâu hơn.'),
    (5, 5, 4.7, 'Hương vị tốt, đáng giá tiền.'),
    (1, 6, 4.2, 'Ngon nhưng giá hơi cao.'),
    (2, 7, 4.8, 'Trình bày đẹp, món ăn rất ngon.'),
    (3, 8, 4.3, 'Hương vị tốt, phù hợp với giá tiền.'),
    (4, 9, 4.6, 'Món ăn vừa miệng, trình bày đẹp.'),
    (6, 10, 4.1, 'Ngon nhưng hơi mặn một chút.'),
    (7, 11, 4.4, 'Trình bày đẹp, hương vị ấn tượng.'),
    (8, 12, 4.9, 'Rất ngon, xứng đáng điểm cao.'),
    (9, 13, 3.8, 'Hương vị ổn nhưng không đặc sắc.'),
    (10, 14, 5.0, 'Món ăn tuyệt vời, không có gì để chê.'),
    (6, 15, 4.3, 'Ngon, nhưng giá hơi đắt.'),
    (7, 16, 4.5, 'Hương vị rất tinh tế, nên thử.'),
    (8, 17, 4.6, 'Món ăn ngon, rất hài lòng.'),
    (9, 18, 4.7, 'Hương vị tuyệt vời, sẽ đặt lại.'),
     (1, 19, 4.0, 'Món ăn ngon nhưng hơi ít.'),
    (2, 20, 4.5, 'Hương vị tuyệt vời, rất đáng thử.'),
    (3, 21, 4.2, 'Ngon nhưng hơi đắt.'),
    (4, 22, 4.8, 'Món ăn rất ngon, sẽ quay lại.'),
    (5, 23, 4.1, 'Hương vị ổn, phục vụ tốt.'),
    (6, 24, 4.6, 'Món ăn ngon, giá hợp lý.'),
    (7, 25, 4.3, 'Ngon nhưng cần cải thiện phục vụ.'),
    (8, 26, 4.7, 'Món ăn rất ngon, trình bày đẹp.'),
    (9, 27, 4.4, 'Hương vị tốt, giá hợp lý.'),
    (10, 28, 4.9, 'Món ăn tuyệt vời, rất hài lòng.'),
    (1, 29, 4.5, 'Ngon nhưng hơi ít.'),
    (2, 30, 4.8, 'Hương vị tuyệt vời, rất đáng thử.'),
    (3, 31, 4.2, 'Ngon nhưng hơi đắt.'),
    (4, 32, 4.6, 'Món ăn rất ngon, sẽ quay lại.'),
    (5, 33, 4.1, 'Hương vị ổn, phục vụ tốt.'),
    (6, 34, 4.7, 'Món ăn ngon, giá hợp lý.'),
    (7, 35, 4.3, 'Ngon nhưng cần cải thiện phục vụ.'),
    (8, 36, 4.8, 'Món ăn rất ngon, trình bày đẹp.'),
    (9, 37, 4.4, 'Hương vị tốt, giá hợp lý.'),
    (10, 38, 4.9, 'Món ăn tuyệt vời, rất hài lòng.'),
    (1, 39, 4.0, 'Món ăn ngon nhưng cần cải thiện phần nước sốt.'),
    (2, 40, 4.5, 'Hương vị tuyệt vời, rất đáng thử.'),
    (3, 41, 4.2, 'Ngon nhưng hơi đắt.'),
    (4, 42, 4.8, 'Món ăn rất ngon, sẽ quay lại.'),
    (5, 43, 4.1, 'Hương vị ổn, phục vụ tốt.'),
    (6, 44, 4.6, 'Món ăn ngon, giá hợp lý.'),
    (7, 45, 4.3, 'Ngon nhưng cần cải thiện phục vụ.'),
    (8, 46, 4.7, 'Món ăn rất ngon, trình bày đẹp.'),
    (9, 47, 4.4, 'Hương vị tốt, giá hợp lý.'),
    (10, 48, 4.9, 'Món ăn tuyệt vời, rất hài lòng.'),
    (1, 49, 4.5, 'Ngon nhưng hơi ít.'),
    (2, 50, 4.8, 'Hương vị tuyệt vời, rất đáng thử.'),
    (3, 51, 4.2, 'Ngon nhưng hơi đắt.'),
    (4, 52, 4.6, 'Món ăn rất ngon, sẽ quay lại.'),
    (5, 53, 4.1, 'Hương vị ổn, phục vụ tốt.'),
    (6, 54, 4.7, 'Món ăn ngon, giá hợp lý.'),
    (7, 55, 4.3, 'Ngon nhưng cần cải thiện phục vụ.'),
    (8, 56, 4.8, 'Món ăn rất ngon, trình bày đẹp.'),
    (9, 57, 4.4, 'Hương vị tốt, giá hợp lý.'),
    (10, 58, 4.9, 'Món ăn tuyệt vời, rất hài lòng.'),
    (1, 59, 4.0, 'Món ăn ngon nhưng hơi ít.'),
    (2, 60, 4.5, 'Hương vị tuyệt vời, rất đáng thử.'),
    (3, 61, 4.2, 'Ngon nhưng hơi đắt.'),
    (4, 62, 4.8, 'Món ăn rất ngon, sẽ quay lại.'),
    (5, 63, 4.1, 'Hương vị ổn, phục vụ tốt.'),
    (6, 64, 4.6, 'Món ăn ngon, giá hợp lý.'),
    (7, 65, 4.3, 'Ngon nhưng cần cải thiện phục vụ.'),
    (8, 66, 4.7, 'Món ăn rất ngon, trình bày đẹp.'),
    (9, 67, 4.4, 'Hương vị tốt, giá hợp lý.'),
    (10, 68, 4.9, 'Món ăn tuyệt vời, rất hài lòng.'),
    (1, 69, 3.5, 'Món ăn tạm được, không có gì đặc sắc.'),
    (2, 70, 2.8, 'Không ngon như mong đợi, phục vụ chậm.'),
    (3, 71, 3.0, 'Món ăn bình thường, giá hơi cao.'),
    (4, 72, 2.5, 'Không hài lòng với chất lượng món ăn.'),
    (5, 73, 3.2, 'Món ăn ổn, nhưng không đáng giá tiền.'),
    (6, 74, 2.9, 'Phục vụ không tốt, món ăn nguội.'),
    (7, 75, 3.4, 'Món ăn được, nhưng không có gì đặc biệt.'),
    (8, 76, 2.7, 'Không ngon, không đáng tiền.'),
    (9, 77, 3.1, 'Món ăn bình thường, không có gì nổi bật.'),
    (10, 78, 2.6, 'Chất lượng món ăn kém, không hài lòng.'),
    (1, 79, 3.3, 'Món ăn ổn, nhưng phục vụ chậm.'),
    (2, 80, 2.5, 'Không ngon, không đáng thử.'),
    (3, 81, 3.0, 'Món ăn bình thường, không có gì đặc sắc.'),
    (4, 82, 2.8, 'Không hài lòng với chất lượng món ăn.'),
    (5, 83, 3.2, 'Món ăn ổn, nhưng không đáng giá tiền.'),
    (6, 84, 2.9, 'Phục vụ không tốt, món ăn nguội.'),
    (7, 85, 3.4, 'Món ăn được, nhưng không có gì đặc biệt.'),
    (8, 86, 2.7, 'Không ngon, không đáng tiền.'),
    (9, 87, 3.1, 'Món ăn bình thường, không có gì nổi bật.'),
    (10, 88, 2.6, 'Chất lượng món ăn kém, không hài lòng.');

