-- Nhập dữ liệu vào bảng Restaurants
INSERT INTO Restaurants (id, res_name, res_address, distance)
VALUES
    (1, 'Bò tơ Quán Mộc', '02 P. Hoa Lư, Lê Đại Hành, Hai Bà Trưng, Hà Nội', 1.20),
    (2, 'Tokyo Tan-Tan Ramen', '148B P. Bùi Thị Xuân, Bùi Thị Xuân, Hai Bà Trưng, Hà Nội, Việt Nam', 1.80),
    (3, 'Pizza 4P', 'Lầu 1, Toà nhà Keangnam Hanoi Landmark 72, Mễ Trì, Nam Từ Liêm, Hà Nội', 0.50),
    (4, 'Hanuri', '34 P. Đại La, Trương Định, Hai Bà Trưng, Hà Nội 11600, Việt Nam', 1.50),
    (5, 'Bánh Cuốn Đức Hạnh', 'B9 Ng. 43 P. Phạm Ngọc Thạch, Khu tập thể Kim Liên, Hoàn Kiếm, Hà Nội, Việt Nam', 2.00),
    (6, 'Cháo Sườn Bà Táo', '24 P. Hoa Lư, Lê Đại Hành, Hai Bà Trưng, Hà Nội, Việt Nam', 1.10),
    (7, 'Mì cay Seoul', '91 P. Trần Đại Nghĩa, Bách Khoa, Hai Bà Trưng, Hà Nội, Việt Nam', 0.80),
    (8, 'Gojumong', 'Tầng 1, Keangnam Landmark 72, Hà Nội', 0.40),
    (9, 'Nam Phương', '111E5 Tạ Quang Bửu', 0.70),
    (10, 'Bún Ngon Atom', '37 Tạ Quang Bửu', 0.65),
    (11, 'Tuấn Mai', '78 Tạ Quang Bửu', 0.60),
    (12, 'Singapore Chicken Rice', 'Tầng B1, Landmark 72', 0.30),
    (13, 'Okonomi', 'Tầng 2, Landmark 72', 0.35),
    (14, 'Xôi Minh Tâm', 'Gần Đại học Bách Khoa', 0.50),
    (15, 'Đậu Mơ', 'Ngõ 78 Đại La', 1.25),
    (16, 'Spicy Bowl', 'Tầng B1, Landmark 72', 0.40),
    (17, 'Cơm Việt', 'Tầng G, Landmark 72', 0.55),
    (18, 'Bún Chả Ngọc Anh', '44 Đại La', 1.30),
    (19, 'Bánh mì Phượng', '12 Tạ Quang Bửu', 0.60),
    (20, 'Bún đậu mắm tôm Thanh Hương', '82 Đại La', 1.10),
    (21, 'Phở Hà Nội', '25 Nguyễn Du, Hai Bà Trưng', 2.30),
    (22, 'Sushi Bar', '4 Ngọc Khánh, Ba Đình', 4.50),
    (23, 'Bánh xèo Ba Miền', '17 Cầu Giấy', 4.00),
    (24, 'Gà rán KFC', '86 Phố Huế, Hai Bà Trưng', 2.00),
    (25, 'Bánh cuốn Gia An', '42 Đại Cồ Việt', 1.50),
    (26, 'Mì ý La Dune', '4 Đặng Thái Thân', 2.40),
    (27, 'Bún đậu mắm tôm Mẹt', '30 Nguyễn Khang, Cầu Giấy', 4.20),
    (28, 'Bánh mì Kẹp', '16 Nguyễn Bỉnh Khiêm', 3.50),
    (29, 'Kyo Sushi', 'Tầng 2, Landmark 72', 0.40),
    (30, 'Cơm rang Kimchi', '35 Nguyễn Khuyến', 2.80),
    (31, 'Bún bò Huế Thịnh', '12 Phan Đình Giót', 3.00),
    (32, 'The Pizza Company', 'Tầng 1, Landmark 72', 0.30),
    (33, 'Noodle & Rice', '9 Đại Cồ Việt', 1.40),
    (34, 'Bún đậu Hương Béo', '56 Đình Thôn', 2.80),
    (35, 'La Pasta', '29 Nguyễn Lương Bằng', 3.50),
    (36, 'Bánh mì 36', '36 Tạ Quang Bửu', 0.75),
    (37, 'KFC (Hà Nội)', '92 Nguyễn Trãi', 4.50),
    (38, 'Viva Pizza', 'Tầng 2, Landmark 72', 0.35),
    (39, 'Bánh mì chảo Hoàng Mai', '12 Hoàng Mai', 2.00),
    (40, 'Bún chả Hương Liên', '24 Lê Văn Hưu', 1.60),
    (41, 'Kimbap Kimbap', '14 Nguyễn Trãi', 4.10),
    (42, 'Gà rán Lee', '24 Nguyễn Bỉnh Khiêm', 3.60),
    (43, 'Mì xào hải sản Hoàng Gia', '15 Kim Mã', 4.00),
    (44, 'Bánh mì 37', '37 Hàng Buồm', 4.50),
    (45, 'Salad ăn kiêng', '20 Tạ Quang Bửu', 0.85),
    (46, 'Cơm cuộn Hàn Quốc', '10 Hoàng Cầu', 3.80),
    (47, 'Bún chả cá Lã Vọng', '33 Đường Láng', 4.20),
    (48, 'Bánh xèo Bà Vui', '7 Đặng Tiến Đông', 3.60),
    (49, 'Mì gà xé phay', '20 Phan Huy Chú', 2.80),
    (50, 'Gỏi cuốn', '5 Bà Triệu', 1.50),
    (51, 'Mì Ý La Dune', '12 Trần Đại Nghĩa', 0.80),
    (52, 'Mì gà Đào Duy Từ', '20 Đào Duy Từ', 3.80),
    (53, 'Mì xào tôm thịt', '8 Hoàng Quốc Việt', 4.50),
    (54, 'Cơm rang dưa bò', '14 Nguyễn Khuyến', 2.70),
    (55, 'Cháo gà Hạnh', '10 Nguyễn Hữu Thọ', 3.00),
    (56, 'Phở trộn Hà Nội', '13 Trường Chinh', 2.20),
    (57, 'Bánh bao Hương Việt', '22 Nguyễn Thái Học', 4.00),
    (58, 'Bánh cuốn Thanh Vân', '13 Phố Huế', 1.70),
    (59, 'Phở Gà Lý Quốc Sư', '10 Lý Quốc Sư', 4.00),
    (60, 'Xôi chè Hòa Mã', '32 Hòa Mã', 1.90),
    (61, 'Bánh xèo Nhật Quang', '45 Cầu Giấy', 4.30),
    (62, 'Gà rán KFC', '18 Nguyễn Lương Bằng', 3.40),
    (63, 'Mì Nhật Sumo', '55 Lê Thanh Nghị', 1.10),
    (64, 'Bánh mì Phố Cổ', '24 Lương Văn Can', 4.50),
    (65, 'Cơm Tấm Sài Gòn', '14 Trường Chinh', 2.50),
    (66, 'Mì Vịt Tiềm', '10 Tô Hiệu', 4.20),
    (67, 'Bánh cuốn Thanh Sơn', '7 Phan Đình Phùng', 4.80),
    (68, 'Bún đậu mắm tôm', '15 Lê Đức Thọ', 2.90),
    (69, 'Bánh mì 15 phút', '21 Phố Huế', 1.40),
    (70, 'Mì xào bò', '28 Láng Hạ', 4.00),
    (71, 'Cơm gà Hồng Kông', '17 Nguyễn Chí Thanh', 4.00),
    (72, 'Bún bò Huế', '26 Phan Đình Phùng', 4.70),
    (73, 'Bánh cuốn chả mực', '12 Phố Huế', 1.60),
    (74, 'Mì hoành thánh', '18 Thái Thịnh', 3.70),
    (75, 'Cháo ếch', '25 Cầu Giấy', 4.20),
    (76, 'Bánh tráng cuốn thịt', '5 Nguyễn Cơ Thạch', 3.50),
    (77, 'Phở Hòa', '1 Nguyễn Văn Cừ', 3.80),
    (78, 'Cơm Trộn Sài Gòn', '16 Xã Đàn', 2.30),
    (79, 'Mì Xào Đài Loan', '22 Phạm Hùng', 2.10),
    (80, 'Bánh Bao Minh Đức', '8 Phương Mai', 1.70),
    (81, 'Cơm Gà Xối Mỡ', '10 Lê Thanh Nghị', 1.00),
    (82, 'Bún Chả Hồ Tây', '39 Hàng Than', 4.50);

-- Nhập dữ liệu vào bảng Category
INSERT INTO Category (id, category)
VALUES
    (1, 'Món cơm'),
    (2, 'Món mì, phở, bún'),
    (3, 'Món xôi, bánh bao, cháo'),
    (4, 'Món salad và cuốn'),
    (5, 'Món ăn nhanh'),
    (6, 'Món Nhật'),
    (7, 'Đồ khô: bánh mì'),
    (8, 'Món Hàn');

-- Nhập dữ liệu vào bảng Dishes
INSERT INTO Dishes (id, dish_name, price, average_rating, calories, img_url, desrip, category_id, restaurant_id)
VALUES
    (1, 'Bò tơ cuốn bánh tráng', 175, 4.7, 250, 'https://i.pinimg.com/736x/aa/09/fd/aa09fd603a16196e86e3470a60584c08.jpg', 'Món ăn đặc sản từ bò tơ, ăn kèm bánh tráng và rau sống.', 4, 1),
    (2, 'Tan Tan Ramen', 129, 4.4, 550, 'https://i.pinimg.com/736x/31/d4/dd/31d4dd8e32cb9f80999ffc5df376b86c.jpg', 'Mì ramen vị cay đậm đà, đặc trưng của Nhật Bản.', 6, 1),
    (3, 'Toku TanTan Ramen', 169, 4.4, 650, 'https://i.pinimg.com/736x/05/45/80/05458036394edf41c89fafdb83a9a1f9.jpg', 'Phiên bản cao cấp của Tan Tan Ramen với hương vị đậm đà hơn.', 6, 1),
    (4, 'Miso Ramen', 119, 4.4, 500, 'https://i.pinimg.com/736x/03/46/10/034610fefbb7c4e3dbfe6f0bc35df29a.jpg', 'Mì ramen với nước dùng từ tương miso đặc trưng.', 6, 1),
    (5, 'Yakisoba', 89, 4.4, 350, 'https://i.pinimg.com/736x/db/dd/e3/dbdde3498518c11af035d374807eca41.jpg', 'Mì xào kiểu Nhật với rau củ và thịt.', 6, 1),
    (6, 'Sashimi cá hồi', 179, 4.4, 125, 'https://i.pinimg.com/736x/06/52/1d/06521d80880512d8b8d7806879ef8164.jpg', 'Cá hồi tươi sống, thái lát mỏng dùng kèm nước tương.', 6, 1),
    (7, 'Cơm cuộn phủ bơ', 129, 4.4, 300, 'https://hocnauan.edu.vn/wp-content/uploads/2015/06/sushi-cuon-bo-tuoi.jpg', 'Cơm cuộn sushi với lớp bơ mịn màng bên trên.', 6, 1),
    (8, 'Cơm cuộn mix', 139, 4.4, 350, 'https://i.pinimg.com/736x/f8/2f/80/f82f807b33a1dc41fd018fca69cd7a73.jpg', 'Sushi cuộn kết hợp nhiều loại nhân đa dạng.', 6, 1),
    (9, 'Cơm lươn', 229, 4.4, 400, 'https://i.pinimg.com/736x/73/21/80/7321805cd1966e41cc3094edd260be0f.jpg', 'Cơm trắng dùng kèm lươn nướng sốt đậm đà.', 6, 1),
    (10, 'Gà chiên kiểu Nhật', 109, 4.4, 450, 'https://i.pinimg.com/736x/e2/92/44/e2924439ffd432d1edb9d2ec0467f381.jpg', 'Thịt gà chiên giòn, tẩm ướp gia vị Nhật.', 6, 1),
    (11, 'Takoyaki', 69, 4.4, 175, 'https://i.pinimg.com/736x/66/3b/e7/663be70dcbded36d616b3f726b2683a4.jpg', 'Bánh bạch tuộc thơm ngon, phổ biến ở Nhật Bản.', 6, 1),
    (12, 'Pizza 4 loại phô mai', 240, 4.6, 1050, 'https://i.pinimg.com/736x/99/ba/ee/99baeeb80d66f03a3389864d7256ec6f.jpg', 'Pizza với sự kết hợp của bốn loại phô mai hảo hạng.', 5, 2),
    (13, 'Pizza 4P Margherita', 150, 4.6, 900, 'https://i.pinimg.com/736x/0e/b5/46/0eb54663f950783eb3e9a76974bbc60a.jpg', 'Pizza Margherita cổ điển với nguyên liệu tươi ngon.', 5, 2),
    (14, 'Pizza bí ngòi sốt Quế Tây', 145, 4.5, 800, 'https://i.pinimg.com/736x/0b/11/0f/0b110feaf7638826e55be817331f362e.jpg', 'Pizza độc đáo với bí ngòi và sốt Quế Tây.', 5, 2),
    (15, 'Mì Ý sốt kem với cua và sốt cà chua', 225, 4.6, 700, 'https://th.bing.com/th/id/OIP.PJGnr4DKCNoiu-n5Y-4lUAAAAA?rs=1&pid=ImgDetMain', 'Món mì Ý cao cấp với cua và sốt kem đặc biệt.', 2, 2),
    (16, 'Salad tôm và bơ', 115, 4.6, 300, 'https://i.pinimg.com/736x/e5/1d/5a/e51d5a35fd4554d8b1df597f58e876ef.jpg', 'Món salad thanh mát với tôm và bơ tươi.', 4, 1),
    (17, 'Tokbokki', 35, 4.6, 350, 'https://i.pinimg.com/736x/69/f9/f6/69f9f67649f501a7bca9ea464b74e772.jpg', 'Bánh gạo cay Hàn Quốc với nước sốt đậm đà.', 8, 2),
    (18, 'Kimbap truyền thống', 50, 4.6, 275, 'https://i.pinimg.com/736x/24/b8/d7/24b8d7a3bbcac08a79dd2b0cc9cd1bc5.jpg', 'Cơm cuộn Hàn Quốc với nhân truyền thống.', 8, 2),
    (19, 'Mì tương đen', 80, 4.6, 450, 'https://i.pinimg.com/736x/ea/47/54/ea4754fef56c6b043e8c4add03589f8b.jpg', 'Món mì tương đen Hàn Quốc, đậm đà và ngon miệng.', 8, 2),
    (20, 'Miến lạnh', 90, 4.6, 250, 'https://i.pinimg.com/736x/d1/bc/5e/d1bc5ea83fee4a0eed0e2b8ff3618808.jpg', 'Miến Hàn Quốc ăn lạnh, thanh mát và bổ dưỡng.', 2, 2),
    (21, 'Canh kim chi', 65, 4.6, 75, 'https://i.pinimg.com/736x/bd/e9/7a/bde97a7441f5d34f3e33ee5b5e111da1.jpg', 'Canh kim chi cay nồng, đặc trưng Hàn Quốc.', 8, 2),
    (22, 'Cơm trộn', 80, 4.6, 450, 'https://i.pinimg.com/736x/c5/9f/ef/c59feff1ee1dd19b04e60eefc55043c9.jpg', 'Món cơm trộn Hàn Quốc với nhiều nguyên liệu phong phú.', 1, 2),
    (23, 'Bánh xèo hải sản Okonomi', 150, 4.6, 350, 'https://i.pinimg.com/736x/cf/7f/4f/cf7f4f4263252b29ca8c1f5b52592970.jpg', 'Bánh xèo Nhật Bản với nhân hải sản.', 6, 2),
    (24, 'Bánh cuốn chả lẫn', 40, 4.7, 225, 'https://c1.staticflickr.com/5/4004/4204672923_83782d78f1_b.jpg', 'Món bánh cuốn truyền thống Việt Nam ăn kèm chả.', 4, 3),
    (25, 'Bánh cuốn chả nướng', 35, 4.7, 275, 'https://i.pinimg.com/736x/f5/11/e6/f511e6ffef198c0b41db1cc7440d346c.jpg', 'Bánh cuốn mềm mại kết hợp với chả nướng thơm ngon.', 4, 3),
    (26, 'Bánh cuốn chả quế', 25, 4.7, 275, 'https://i.pinimg.com/736x/c5/10/81/c510819cd449293cedb2843e19fa0c04.jpg', 'Bánh cuốn ăn kèm với chả quế đậm đà, hấp dẫn.', 4, 3),
    (27, 'Bánh cuốn trứng', 10, 4.7, 275, 'https://i.pinimg.com/736x/86/57/dd/8657dd9dbc90ecb2a74143340549e983.jpg', 'Bánh cuốn nhân trứng, vị thơm béo đặc trưng.', 4, 3),
    (28, 'Mì gà tần', 70, 4.7, 450, 'https://i.pinimg.com/736x/b8/cd/a2/b8cda2ffdd0a1243ce3916625c4c7e89.jpg', 'Món mì với gà tần bổ dưỡng, đậm đà hương vị.', 2, 4),
    (29, 'Cháo trắng', 12, 4.6, 125, 'https://i.pinimg.com/736x/1e/45/c8/1e45c81a141c4acf3011e26ca863dfce.jpg', 'Món cháo đơn giản, nhẹ nhàng và dễ tiêu hóa.', 3, 5),
    (30, 'Cháo sườn', 35, 4.6, 300, 'https://i.pinimg.com/736x/fe/4d/d0/fe4dd0224f8c248cdb424bf0fc9998cd.jpg', 'Cháo sườn mềm, vị ngọt tự nhiên từ sườn non.', 3, 5),
    (31, 'Cháo lưỡi', 45, 4.6, 225, 'https://i.pinimg.com/736x/b8/c7/40/b8c740e241f83133a0f8f3dc8c780d4b.jpg', 'Món cháo lưỡi với hương vị đặc biệt, bổ dưỡng.', 3, 5),
    (32, 'Cháo móng giò', 35, 4.6, 275, 'https://i.pinimg.com/736x/9f/f0/df/9ff0dfd8c2b96b711301294120596695.jpg', 'Cháo móng giò thơm ngon, bổ sung dinh dưỡng.', 3, 5),
    (33, 'Mì bò', 45, 4.6, 450, 'https://i.pinimg.com/736x/57/33/11/573311e58f90bca62664a1c8f0de32e5.jpg', 'Mì với thịt bò mềm, nước dùng đậm đà.', 2, 4),
    (34, 'Takoyaki', 39, 4.6, 175, 'https://i.pinimg.com/736x/57/93/07/57930742d9b0d41170f600be2c1fb8a2.jpg', 'Món bánh bạch tuộc nổi tiếng của Nhật Bản.', 6, 4),
    (35, 'Kimbap', 35, 4.6, 275, 'https://i.pinimg.com/736x/38/2f/16/382f16af8eb48e7a11d238e5e497d2b3.jpg', 'Cơm cuộn Hàn Quốc thơm ngon, đầy màu sắc.', 8, 1),
    (36, 'Cơm trộn Bibimbap', 35, 4.6, 550, 'https://i.pinimg.com/736x/fc/eb/de/fcebde1e3d6b3f63792749e0914f06a1.jpg', 'Cơm trộn Hàn Quốc với các loại rau củ và thịt.', 1, 1),
    (37, 'Tokbokki', 35, 4.6, 350, 'https://i.pinimg.com/736x/69/cb/43/69cb432fdbc617e351845109947ae9f1.jpg', 'Bánh gạo cay Hàn Quốc với sốt cay đặc trưng.', 8, 1),
    (38, 'Bò nướng Bulgogi', 120, 4.7, 600, 'https://i.pinimg.com/736x/85/34/c0/8534c04ee92182b4a6c95d3ae7ed545e.jpg', 'Thịt bò nướng Hàn Quốc đậm đà gia vị.', 8, 2),
    (39, 'Bibimbap', 110, 4.7, 750, 'https://i.pinimg.com/736x/67/0f/13/670f13d00ae7b3b8cc5ebcba23aba586.jpg', 'Cơm trộn truyền thống Hàn Quốc đầy hương vị.', 1, 2),
    (40, 'Cơm tấm Sài Gòn', 40, 4.3, 500, 'https://i.pinimg.com/736x/70/83/b7/7083b797ace1ccefb8517c5cd0cd4b74.jpg', 'Cơm tấm đặc trưng của Sài Gòn, thơm ngon.', 1, 3),
    (41, 'Bún riêu cua', 35, 4.5, 350, 'https://i.pinimg.com/736x/af/3b/ba/af3bbae091427d8c11c741e09a34e9d8.jpg', 'Bún riêu cua với hương vị đậm đà, hấp dẫn.', 2, 4),
    (42, 'Bánh mì chảo', 50, 4.6, 600, 'https://i.pinimg.com/736x/99/32/5f/99325f293f586c324273d633c94095a2.jpg', 'Bánh mì ăn kèm với chảo đồ ăn phong phú.', 7, 5),
    (43, 'Cơm gà Hải Nam', 80, 4.4, 550, 'https://i.pinimg.com/736x/5c/cb/9c/5ccb9cc310e0ac5be1d2609a5c28353f.jpg', 'Cơm gà Hải Nam ngon miệng, dễ ăn.', 1, 6),
    (44, 'Bánh xèo Nhật Bản', 70, 4.3, 300, 'https://i.pinimg.com/736x/aa/b7/fd/aab7fd65eb795ee371a037f82a699b5a.jpg', 'Bánh xèo Nhật giòn, nhân ngon đặc sắc.', 6, 7),
    (45, 'Xôi chim', 40, 4.2, 450, 'https://i.pinimg.com/736x/61/d4/08/61d4087e66315e779e7f6bb496c3464c.jpg', 'Xôi chim thơm dẻo, bổ dưỡng.', 3, 8),
    (46, 'Bún đậu mắm tôm', 35, 4.2, 350, 'https://i.pinimg.com/736x/9b/0d/80/9b0d80ee7ff3b75b8fe313af80c75d4a.jpg', 'Món ăn đặc sản Việt Nam với hương vị đặc trưng.', 2, 9),
    (47, 'Mì cay', 60, 4.0, 400, 'https://i.pinimg.com/736x/39/82/c7/3982c7f154717df842113ef2894e7138.jpg', 'Món mì cay với nước dùng hấp dẫn.', 2, 10),
    (48, 'Cơm rang thập cẩm', 50, 4.5, 500, 'https://i.pinimg.com/736x/a0/eb/93/a0eb938b2336fb18ff3f00075b6325af.jpg', 'Cơm rang thập cẩm, đầy đủ nguyên liệu thơm ngon.', 1, 11),
    (49, 'Bún chả truyền thống', 40, 4.3, 450, 'https://i.pinimg.com/736x/fd/f4/97/fdf4976b7465358d77913114b770eb6e.jpg', 'Bún chả Hà Nội, hương vị truyền thống khó quên.', 2, 12),
    (50, 'Bánh mì chả cá', 30, 4.6, 500, 'https://i.pinimg.com/736x/a5/f7/5b/a5f75b61f4ec90aa07c585745827091d.jpg', 'Bánh mì nóng giòn với chả cá thơm ngon.', 7, 13),   
    (51, 'Bún đậu mắm tôm', 40, 4.5, 350, 'https://i.pinimg.com/736x/a5/89/cf/a589cf5f4b4ed5e1d7443c807e2c9a84.jpg', 'Món ăn truyền thống miền Bắc, gồm bún, đậu chiên giòn, và mắm tôm.', 2, 14),
    (52, 'Phở bò', 50, 4.7, 450, 'https://i.pinimg.com/736x/11/ee/7a/11ee7af5bc5ca03b5ceda6af7a88a85d.jpg', 'Món nước đặc trưng của Việt Nam với nước dùng đậm đà và thịt bò mềm.', 2, 15),
    (53, 'Sushi cuộn cá hồi', 120, 4.6, 300, 'https://i.pinimg.com/736x/ac/dc/24/acdc2411073819f0216c2f74d3d22f39.jpg', 'Món sushi thanh mát với cá hồi tươi và cơm giấm.', 6, 16),
    (54, 'Bánh xèo miền Trung', 45, 4.4, 400, 'https://i.pinimg.com/736x/2f/ab/2b/2fab2b34f113ad9fb0bdfaa2714311a5.jpg', 'Bánh xèo vàng giòn, nhân tôm, thịt và giá đỗ.', 4, 17),
    (55, 'Gà rán', 80, 4.3, 600, 'https://i.pinimg.com/736x/bb/c3/1a/bbc31a772affac6658a9cc3d3e711214.jpg', 'Gà rán giòn rụm, ngon miệng và hấp dẫn.', 5, 18),
    (56, 'Bánh cuốn nóng', 30, 4.5, 350, 'https://i.pinimg.com/736x/a3/bb/c5/a3bbc555f74ccb8472facd31340740c9.jpg', 'Bánh cuốn mềm mịn, ăn kèm nước mắm chua ngọt.', 4, 19),
    (57, 'Mì ý sốt kem hải sản', 60, 4.6, 550, 'https://i.pinimg.com/736x/84/e5/28/84e528911a5b9cc13415d87bec67ae17.jpg', 'Mì Ý thơm ngon với sốt kem và hải sản tươi.', 2, 20),
    (58, 'Bún đậu mắm tôm', 40, 4.2, 400, 'https://i.pinimg.com/736x/cb/93/71/cb9371ed1a45bb141427cf6598f47739.jpg', 'Món ăn quen thuộc với đậu hũ chiên và mắm tôm đặc trưng.', 2, 21),
    (59, 'Bánh mì kẹp thịt nướng', 35, 4.4, 450, 'https://i.pinimg.com/736x/90/37/7a/90377a83be3de2ca6f46a8f4f78c3ac1.jpg', 'Bánh mì giòn với nhân thịt nướng thơm lừng.', 7, 22),
    (60, 'Sushi cuộn trứng cá hồi', 100, 4.5, 350, 'https://i.pinimg.com/736x/f5/7b/11/f57b11bd6ad08e97c8cf4d9ae960ee58.jpg', 'Sushi độc đáo với trứng cá hồi tươi ngon.', 6, 2),
    (61, 'Cơm rang kimchi', 45, 4.3, 500, 'https://i.pinimg.com/736x/c3/82/15/c382159e5d425c9d1f159d98443117e0.jpg', 'Cơm rang đậm vị cay nồng của kimchi Hàn Quốc.', 1, 3),
    (62, 'Bún bò Huế', 50, 4.6, 450, 'https://i.pinimg.com/736x/04/b6/f9/04b6f958f5f053fbaefccddd1007aa48.jpg', 'Món ăn đặc sản Huế với nước dùng đậm đà và sả thơm.', 2, 4),
    (63, 'Pizza hải sản', 120, 4.5, 600, 'https://i.pinimg.com/736x/45/55/a9/4555a9479ef1df306141adaa14802fc7.jpg', 'Pizza hấp dẫn với topping hải sản tươi sống.', 5, 5),
    (64, 'Cơm tấm sườn nướng', 45, 4.4, 500, 'https://i.pinimg.com/736x/3f/6a/df/3f6adfe26e251551e211bc10aa6dad82.jpg', 'Cơm tấm thơm ngon với sườn nướng đậm vị.', 1, 6),
    (65, 'Bún đậu mắm tôm', 40, 4.3, 400, 'https://i.pinimg.com/736x/6a/65/ad/6a65ad1501e471b193ee434d630191cc.jpg', 'Bún đậu mắm tôm – lựa chọn hoàn hảo cho bữa ăn.', 2, 7),
    (66, 'Mì Ý sốt bò băm', 60, 4.4, 500, 'https://i.pinimg.com/736x/6a/4a/ef/6a4aefdb7b5f2d005345eca97f85f27a.jpg', 'Mì Ý hấp dẫn với sốt bò băm đậm đà.', 2, 8),
    (67, 'Bánh mì thịt nguội', 35, 4.5, 400, 'https://i.pinimg.com/736x/28/bd/ab/28bdabe10848afb6b45a269251d0935e.jpg', 'Bánh mì thơm ngon với nhân thịt nguội.', 7, 9),
    (68, 'Gà chiên giòn', 80, 4.3, 600, 'https://i.pinimg.com/736x/94/4e/0f/944e0f67024ddea0722c6bb8bfb0caf7.jpg', 'Món gà chiên giòn vàng ruộm, thơm lừng.', 5, 10),
    (69, 'Pizza hải sản', 120, 4.7, 550, 'https://i.pinimg.com/736x/18/da/5f/18da5f5e2b5498824a3cbdd0a8d94029.jpg', 'Pizza đặc biệt với hải sản tươi ngon.', 5, 11),
    (70, 'Bánh mì chảo thịt heo', 40, 4.6, 500, 'https://i.pinimg.com/736x/f4/20/89/f42089d9d4881e4afc5c88f2e8c1fdaa.jpg', 'Bánh mì chảo thơm ngon với thịt heo đậm vị.', 7, 12),
    (71, 'Bún chả Hà Nội', 45, 4.6, 450, 'https://i.pinimg.com/736x/89/ba/2e/89ba2e01695f8626f9d4fd51f12ef25b.jpg', 'Món ăn truyền thống Hà Nội với chả nướng thơm lừng.', 2, 13),
    (72, 'Kimbap trứng cá hồi', 35, 4.5, 400, 'https://i.pinimg.com/736x/04/7a/97/047a97bbf9567166c856e11eec1966cf.jpg', 'Kimbap mới lạ với trứng cá hồi ngon miệng.', 1, 14),
    (73, 'Gà rán giòn', 85, 4.4, 600, 'https://i.pinimg.com/736x/70/6c/c4/706cc4398ed06620bc9a07976a52e124.jpg', 'Gà rán giòn tan, phù hợp mọi bữa ăn.', 5, 15),
    (74, 'Mì xào hải sản', 60, 4.6, 500, 'https://i.pinimg.com/736x/f4/f5/ae/f4f5aea8cab79cf6c8965e8931b7075c.jpg', 'Mì xào hải sản thơm ngon, bổ dưỡng.', 2, 16),
    (75, 'Bánh mì ốp la thịt nguội', 30, 4.4, 500, 'https://i.pinimg.com/736x/36/70/0f/36700f8c62c79730f5ae5c3d9f1304a1.jpg', 'Bánh mì giòn tan với ốp la và thịt nguội.', 7, 17),
    (76, 'Salad rau trộn', 40, 4.3, 250, 'https://i.pinimg.com/736x/39/54/86/3954863e05d71f9eb0d34f223b804f47.jpg', 'Món salad tươi ngon với rau trộn và nước sốt đặc biệt.', 4, 18),
    (77, 'Cơm cuộn trứng cá ngừ', 50, 4.5, 450, 'https://th.bing.com/th/id/OIP.MbtlYhFF9mXIBqJBCbfpGgHaEo?rs=1&pid=ImgDetMain', 'Cơm cuộn truyền thống kết hợp trứng cá ngừ tươi ngon.', 1, 19),
    (78, 'Bún chả cá Lã Vọng', 60, 4.7, 500, 'https://i.pinimg.com/236x/c8/a0/78/c8a078d426859d4777a4e91133651f96.jpg', 'Đặc sản bún chả cá nổi tiếng với hương vị thơm ngon.', 2, 20),
    (79, 'Bánh xèo tôm thịt', 40, 4.4, 450, 'https://i.pinimg.com/736x/1c/f3/83/1cf3836f0008f3a6de8e4a4ca7566bf0.jpg', 'Bánh xèo giòn tan kết hợp tôm và thịt.', 4, 21),
    (80, 'Mì gà xé phay', 50, 4.5, 550, 'https://i.pinimg.com/736x/ef/d9/5c/efd95ce219cb86cb0d54bf1fb6626c77.jpg', 'Mì gà xé phay thơm ngon, hấp dẫn.', 2, 22),
    (81, 'Gỏi cuốn tôm thịt', 40, 4.6, 300, 'https://i.pinimg.com/736x/dd/45/96/dd45963967ffa9e5ba00e8f62b0937a0.jpg', 'Gỏi cuốn tươi ngon, chấm nước mắm chua ngọt.', 4, 23),
    (82, 'Mì Ý sốt kem tôm', 65, 4.6, 550, 'https://i.pinimg.com/736x/61/b0/7a/61b07a4656477d646ea84fb27439857a.jpg', 'Mì Ý đậm đà với sốt kem và tôm tươi.', 2, 24),
    (83, 'Mì gà trứng muối', 45, 4.4, 500, 'https://static.riviu.co/960/image/2021/01/27/5a9f1b8469622adb3fed0f358cc0df25_output.jpeg', 'Mì gà kết hợp vị đậm đà của trứng muối.', 2, 25),
    (84, 'Mì xào tôm thịt', 55, 4.5, 500, 'https://i.pinimg.com/736x/ea/04/4c/ea044c2c2a81a6b3f0398e2d54d5e59b.jpg', 'Mì xào hấp dẫn với tôm và thịt.', 2, 26),
    (85, 'Cơm rang dưa bò', 60, 4.3, 600, 'https://i.pinimg.com/736x/40/45/c5/4045c5ee9388fe1949d8449d5d884ec8.jpg', 'Cơm rang giòn kết hợp dưa và thịt bò.', 1, 27),
    (86, 'Cháo gà xé phay', 35, 4.5, 350, 'https://i.pinimg.com/236x/06/12/6a/06126aa1fa8ae4d83e1f924a18082bc7.jpg', 'Cháo gà thơm ngon, bổ dưỡng.', 3, 28),
    (87, 'Phở trộn thịt bò', 55, 4.6, 450, 'https://i.pinimg.com/736x/40/57/2a/40572a626c99e2456e91bd78e7876f96.jpg', 'Phở trộn đậm đà với thịt bò.', 2, 29),
    (88, 'Bánh bao chay', 15, 4.4, 300, 'https://i.pinimg.com/236x/1a/d9/50/1ad9503afea9e5a6da3cc772a4082880.jpg', 'Bánh bao chay mềm mịn, nhân thơm ngon.', 3, 1),
    (89, 'Bánh cuốn nhân thịt', 35, 4.6, 350, 'https://i.pinimg.com/736x/18/5e/ca/185eca0f3b73db7561ad25d83181baec.jpg', 'Bánh cuốn nóng hổi với nhân thịt đậm đà.', 4, 2),
    (90, 'Phở gà', 50, 4.7, 400, 'https://i.pinimg.com/236x/fb/e8/e2/fbe8e2a3ef0d445f185e26bd3b8c6837.jpg', 'Phở gà thơm ngon, nước dùng thanh ngọt.', 2, 3),
    (91, 'Xôi chè đậu xanh', 25, 4.5, 300, 'https://i.pinimg.com/736x/90/52/dd/9052dd4e9f11a0e58c365fe2a4abc721.jpg', 'Món xôi chè truyền thống với đậu xanh ngọt bùi.', 3, 4),
    (92, 'Bánh xèo tôm thịt', 40, 4.4, 500, 'https://i.pinimg.com/736x/67/1c/6a/671c6a2aae442058d121b82605574d24.jpg', 'Bánh xèo thơm giòn kết hợp tôm và thịt.', 4, 5),
    (93, 'Gà rán giòn kiểu KFC', 85, 4.3, 600, 'https://i.pinimg.com/736x/b5/cb/37/b5cb37a6d71ac253cdbf130aeb2135c4.jpg', 'Gà rán kiểu KFC giòn rụm, hấp dẫn.', 5, 6),
    (94, 'Mì udon thịt bò', 60, 4.5, 500, 'https://i.pinimg.com/236x/fe/3b/d3/fe3bd380e13e52ae95e35083c1a616ed.jpg', 'Mì udon dai ngon kết hợp thịt bò đậm đà.', 6, 7),
    (95, 'Bánh mì thịt nướng', 30, 4.6, 450, 'https://i.pinimg.com/236x/f5/f1/98/f5f1981d14514bf0ec99d57a505a91fc.jpg', 'Bánh mì thơm lừng với thịt nướng hấp dẫn.', 7, 8),
    (96, 'Cơm tấm sườn nướng', 70, 4.7, 650, 'https://i.pinimg.com/736x/45/f9/d7/45f9d7ed766057a781bfe4f7a2d55ac7.jpg', 'Cơm tấm ngon miệng với sườn nướng mềm thơm.', 1, 9),
    (97, 'Mì vịt tiềm', 60, 4.6, 500, 'https://i.pinimg.com/236x/29/51/00/295100c37301857dead1cf078a4949b2.jpg', 'Mì vịt tiềm đậm đà, bổ dưỡng.', 2, 10),
    (98, 'Bánh cuốn thịt lợn', 35, 4.6, 350, 'https://i.pinimg.com/236x/8c/2b/8d/8c2b8d289b3f94cc9e2be6157422c13c.jpg', 'Bánh cuốn thịt lợn ngon tuyệt, nhân mềm thơm.', 4, 11),
    (99, 'Bún đậu mắm tôm', 50, 4.5, 400, 'https://i.pinimg.com/236x/78/23/bc/7823bcc797ee4606303aacb4639a7c5d.jpg', 'Bún đậu thơm ngon, chấm mắm tôm đậm vị.', 2, 12),
    (100, 'Bánh mì thịt xíu mại', 35, 4.4, 450, 'https://i.pinimg.com/736x/bb/29/dc/bb29dc94f7bd218187faf53aaea67361.jpg', 'Bánh mì hấp dẫn với thịt xíu mại thơm lừng.', 7, 13),
    (101, 'Mì xào bò', 55, 4.5, 500, 'https://i.pinimg.com/236x/9b/2c/34/9b2c343b09aa89d1e8b6a3fff61adb4b.jpg', 'Mì xào hấp dẫn với bò mềm ngon.', 2, 14),
    (102, 'Cơm gà xối mỡ', 70, 4.7, 550, 'https://i.pinimg.com/736x/89/3c/b4/893cb49e26c273e0aa462cb964d5cc5c.jpg', 'Cơm gà giòn tan với lớp mỡ bóng bẩy.', 1, 15),
    (103, 'Bún bò Huế', 55, 4.6, 500, 'https://i.pinimg.com/236x/10/5b/4a/105b4a32a1f8beaa98f0050036c0b844.jpg', 'Bún bò Huế đặc trưng với nước lèo đậm đà.', 2, 16),
    (104, 'Bánh cuốn chả mực', 45, 4.5, 400, 'https://i.pinimg.com/736x/06/45/18/06451893a175e166fc8c97e12b9ebcf5.jpg', 'Món bánh cuốn đặc trưng với chả mực giòn tan, hương vị đậm đà.', 4, 17),
    (105, 'Mì hoành thánh tôm thịt', 60, 4.4, 550, 'https://i.pinimg.com/236x/74/60/89/746089307ceb9aeec65071ee20650098.jpg', 'Món mì hoành thánh với tôm thịt tươi ngon, nước dùng thanh ngọt.', 2, 18),
    (106, 'Cháo ếch', 40, 4.5, 350, 'https://i.pinimg.com/236x/35/97/71/359771e27432bd1c02a145c20fc109ad.jpg', 'Cháo ếch thơm ngon, đậm vị với thịt ếch mềm mịn.', 3, 19),
    (107, 'Bánh tráng cuốn thịt lợn', 30, 4.6, 300, 'https://i.pinimg.com/736x/2c/7b/fc/2c7bfc43c522458cdec8a4909194e3c0.jpg', 'Món ăn thanh mát với bánh tráng cuốn thịt lợn và rau sống tươi.', 4, 20),
    (108, 'Phở bò tái', 45, 4.5, 400, 'https://i.pinimg.com/736x/a6/ee/4d/a6ee4da0f3e699ba601c6e9477955ea8.jpg', 'Phở bò tái truyền thống với nước dùng đậm đà và thịt bò tươi.', 2, 21),
    (109, 'Cơm trộn thập cẩm', 60, 4.4, 550, 'https://i.pinimg.com/736x/00/42/96/00429697b63a3ab93d2a3a5ea6e76819.jpg', 'Cơm trộn thập cẩm với nhiều loại rau củ và thịt đầy đủ dinh dưỡng.', 1, 22),
    (110, 'Mì xào Đài Loan', 65, 4.5, 600, 'https://i.pinimg.com/736x/c7/d7/09/c7d709ad32754c34b1a57f71d3e4b956.jpg', 'Món mì xào phong cách Đài Loan với hương vị đặc trưng, hấp dẫn.', 2, 23),
    (111, 'Bánh bao thịt nướng', 25, 4.6, 300, 'https://statics.didau.com/image/2022/09/20/3bef34ffa4174ab18486cadcf89ecd36.jpg', 'Bánh bao thịt nướng thơm phức, lớp vỏ mềm mịn, nhân đậm đà.', 3, 24),
    (112, 'Cơm gà xối mỡ', 70, 4.7, 600, 'https://i.pinimg.com/736x/f9/5b/e5/f95be598b99601877045672b467a1858.jpg', 'Cơm gà xối mỡ giòn rụm, kết hợp cùng nước mắm chua ngọt.', 1, 25),
    (113, 'Bún chả nướng', 55, 4.5, 500, 'https://i.pinimg.com/736x/23/45/3f/23453fe0fa18624cf86bd8d1ec3d661e.jpg', 'Bún chả nướng thơm ngon, đậm vị với thịt nướng và nước chấm chua cay.', 2, 26);


-- Sprint2
-- Seed data cho bảng User
INSERT INTO Users (user_id, username, password, email, image, avatar, address, phone)  
VALUES  
    (1, 'john_doe', 'password123', 'john.doe@example.com', 'https://drive.google.com/file/d/1TCwVYLh9Z_Q6xBEyjVrDtMOt2LpJm_yb/view?usp=drive_link', 'https://drive.google.com/file/d/1Q1-EPPIv5-InpR8lMqvm3aFAezfpjnLk/view?usp=drive_link', '123 Elm Street, Springfield', '+1234567890'),  
    (2, 'jane_smith', 'securePass456', 'jane.smith@example.com', 'https://drive.google.com/file/d/1TCwVYLh9Z_Q6xBEyjVrDtMOt2LpJm_yb/view?usp=drive_link', 'https://drive.google.com/file/d/1Q1-EPPIv5-InpR8lMqvm3aFAezfpjnLk/view?usp=drive_link', '456 Oak Avenue, Gotham', '+9876543210'),  
    (3, 'alice_williams', 'qwerty789', 'alice.williams@example.com', 'https://drive.google.com/file/d/1TCwVYLh9Z_Q6xBEyjVrDtMOt2LpJm_yb/view?usp=drive_link', 'https://drive.google.com/file/d/1Q1-EPPIv5-InpR8lMqvm3aFAezfpjnLk/view?usp=drive_link', '789 Pine Road, Metropolis', '+1122334455'),  
    (4, 'bob_brown', 'mypassword321', 'bob.brown@example.com', 'https://drive.google.com/file/d/1TCwVYLh9Z_Q6xBEyjVrDtMOt2LpJm_yb/view?usp=drive_link', 'https://drive.google.com/file/d/1Q1-EPPIv5-InpR8lMqvm3aFAezfpjnLk/view?usp=drive_link', '321 Maple Lane, Star City', '+9988776655'),  
    (5, 'carol_johnson', 'carol1234', 'carol.johnson@example.com', 'https://drive.google.com/file/d/1TCwVYLh9Z_Q6xBEyjVrDtMOt2LpJm_yb/view?usp=drive_link', 'https://drive.google.com/file/d/1Q1-EPPIv5-InpR8lMqvm3aFAezfpjnLk/view?usp=drive_link', '654 Birch Blvd, Central City', '+5566778899'),  
    (6, 'sarah_connor', 'terminator123', 'sarah.connor@example.com', 'https://drive.google.com/file/d/1TCwVYLh9Z_Q6xBEyjVrDtMOt2LpJm_yb/view?usp=drive_link', 'https://drive.google.com/file/d/1Q1-EPPIv5-InpR8lMqvm3aFAezfpjnLk/view?usp=drive_link', '987 Ash Street, Cyberdyne', '+1231231234'),  
    (7, 'bruce_wayne', 'batman456', 'bruce.wayne@example.com', 'https://drive.google.com/file/d/1TCwVYLh9Z_Q6xBEyjVrDtMOt2LpJm_yb/view?usp=drive_link', 'https://drive.google.com/file/d/1Q1-EPPIv5-InpR8lMqvm3aFAezfpjnLk/view?usp=drive_link', '100 Wayne Manor, Gotham', '+4564564567'),  
    (8, 'clark_kent', 'superman789', 'clark.kent@example.com', 'https://drive.google.com/file/d/1TCwVYLh9Z_Q6xBEyjVrDtMOt2LpJm_yb/view?usp=drive_link', 'https://drive.google.com/file/d/1Q1-EPPIv5-InpR8lMqvm3aFAezfpjnLk/view?usp=drive_link', '200 Smallville Farm, Kansas', '+7897897890'),  
    (9, 'diana_prince', 'wonderwoman321', 'diana.prince@example.com', 'https://drive.google.com/file/d/1TCwVYLh9Z_Q6xBEyjVrDtMOt2LpJm_yb/view?usp=drive_link', 'https://drive.google.com/file/d/1Q1-EPPIv5-InpR8lMqvm3aFAezfpjnLk/view?usp=drive_link', '300 Amazon Island, Themyscira', '+3213214321'),  
    (10, 'tony_stark', 'ironman123', 'tony.stark@example.com', 'https://drive.google.com/file/d/1TCwVYLh9Z_Q6xBEyjVrDtMOt2LpJm_yb/view?usp=drive_link', 'https://drive.google.com/file/d/1Q1-EPPIv5-InpR8lMqvm3aFAezfpjnLk/view?usp=drive_link', '10880 Malibu Point, Malibu', '+6546546543');  


-- Seed data cho bảng Cart_items
INSERT INTO Cart_items (user_id, dish_id, quantity)
VALUES 
    (1, 1, 2),
    (1, 1, 1),
    (2, 1, 3),
    (2, 2, 1),
    (3, 2, 4),
    (3, 2, 2),
    (4, 3, 1),
    (5, 3, 3),
    (5, 3, 1),
    (6, 4, 2),
    (6, 4, 1),
    (7, 4, 3),
    (7, 5, 2),
    (8, 5, 1),
    (8, 5, 2),
    (9, 6, 1),
    (10, 6, 4),
    (10, 6, 1);
    

-- Seed data cho bảng Order_items
INSERT INTO Order_items (user_id, dish_id, price, quantity, total, status)
VALUES 
    (1, 1, 175, 2, 350, 'confirmed'),
    (2, 1, 175, 3, 525, 'confirmed'),
    (3, 1, 175, 1, 175, 'not_confirmed'),
    (4, 2, 129, 2, 258, 'confirmed'),
    (5, 2, 129, 3, 387, 'confirmed'),
    (6, 2, 129, 1, 129, 'not_confirmed'),
    (7, 3, 169, 2, 338, 'confirmed'),
    (8, 3, 169, 3, 507, 'confirmed'),
    (9, 3, 169, 1, 169, 'not_confirmed'),
    (10, 4, 119, 2, 238, 'confirmed'),
    (1, 4, 119, 3, 357, 'confirmed'),
    (2, 4, 119, 1, 119, 'not_confirmed'),
    (3, 5, 89, 2, 178, 'confirmed'),
    (4, 5, 89, 3, 267, 'confirmed'),
    (5, 5, 89, 1, 89, 'not_confirmed'),
    (6, 6, 179, 2, 358, 'confirmed'),
    (7, 6, 179, 3, 537, 'confirmed'),
    (8, 6, 179, 1, 179, 'not_confirmed'),
    (9, 7, 129, 2, 258, 'confirmed'),
    (10, 7, 129, 3, 387, 'confirmed'),
    (1, 7, 129, 1, 129, 'not_confirmed'),
    (2, 8, 139, 2, 278, 'confirmed'),
    (3, 8, 139, 3, 417, 'confirmed'),
    (4, 8, 139, 1, 139, 'not_confirmed'),
    (5, 9, 229, 2, 458, 'confirmed'),
    (6, 9, 229, 3, 687, 'confirmed'),
    (7, 9, 229, 1, 229, 'not_confirmed'),
    (8, 10, 155, 2, 310, 'confirmed'),
    (9, 10, 155, 3, 465, 'confirmed'),
    (10, 10, 155, 1, 155, 'not_confirmed'),
    (1, 11, 105, 2, 210, 'confirmed'),
    (2, 11, 105, 3, 315, 'confirmed'),
    (3, 11, 105, 1, 105, 'not_confirmed'),
    (4, 12, 145, 2, 290, 'confirmed'),
    (5, 12, 145, 3, 435, 'confirmed'),
    (6, 12, 145, 1, 145, 'not_confirmed'),
    (7, 13, 115, 2, 230, 'confirmed'),
    (8, 13, 115, 3, 345, 'confirmed'),
    (9, 13, 115, 1, 115, 'not_confirmed'),
    (10, 14, 195, 2, 390, 'confirmed'),
    (1, 14, 195, 3, 585, 'confirmed'),
    (2, 14, 195, 1, 195, 'not_confirmed'),
    (3, 15, 135, 2, 270, 'confirmed'),
    (4, 15, 135, 3, 405, 'confirmed'),
    (5, 15, 135, 1, 135, 'not_confirmed'),
    (6, 16, 125, 2, 250, 'confirmed'),
    (7, 16, 125, 3, 375, 'confirmed'),
    (8, 16, 125, 1, 125, 'not_confirmed'),
    (9, 17, 165, 2, 330, 'confirmed'),
    (10, 17, 165, 3, 495, 'confirmed'),
    (1, 17, 165, 1, 165, 'not_confirmed'),
    (2, 18, 185, 2, 370, 'confirmed'),
    (3, 18, 185, 3, 555, 'confirmed'),
    (4, 18, 185, 1, 185, 'not_confirmed'),
    (5, 19, 80, 2, 160, 'confirmed'),
    (6, 19, 80, 3, 240, 'confirmed'),
    (7, 19, 80, 1, 80, 'not_confirmed'),
    (8, 20, 90, 2, 180, 'confirmed'),
    (9, 20, 90, 3, 270, 'confirmed'),
    (10, 20, 90, 1, 90, 'not_confirmed'),
    (1, 21, 65, 2, 130, 'confirmed'),
    (2, 21, 65, 3, 195, 'confirmed'),
    (3, 21, 65, 1, 65, 'not_confirmed'),
    (4, 22, 80, 2, 160, 'confirmed'),
    (5, 22, 80, 3, 240, 'confirmed'),
    (6, 22, 80, 1, 80, 'not_confirmed'),
    (7, 23, 150, 2, 300, 'confirmed'),
    (8, 23, 150, 3, 450, 'confirmed'),
    (9, 23, 150, 1, 150, 'not_confirmed'),
    (10, 24, 40, 2, 80, 'confirmed'),
    (1, 24, 40, 3, 120, 'confirmed'),
    (2, 24, 40, 1, 40, 'not_confirmed'),
    (3, 25, 35, 2, 70, 'confirmed'),
    (4, 25, 35, 3, 105, 'confirmed'),
    (5, 25, 35, 1, 35, 'not_confirmed'),
    (6, 26, 25, 2, 50, 'confirmed'),
    (7, 26, 25, 3, 75, 'confirmed'),
    (8, 26, 25, 1, 25, 'not_confirmed'),
    (9, 27, 10, 2, 20, 'confirmed'),
    (10, 27, 10, 3, 30, 'confirmed'),
    (1, 27, 10, 1, 10, 'not_confirmed'),
    (2, 28, 70, 2, 140, 'confirmed'),
    (3, 28, 70, 3, 210, 'confirmed'),
    (4, 28, 70, 1, 70, 'not_confirmed'),
    (5, 29, 12, 2, 24, 'confirmed'),
    (6, 29, 12, 3, 36, 'confirmed'),
    (7, 29, 12, 1, 12, 'not_confirmed'),
    (8, 30, 35, 2, 70, 'confirmed'),
    (9, 30, 35, 3, 105, 'confirmed'),
    (10, 30, 35, 1, 35, 'not_confirmed'),
    (1, 31, 45, 2, 90, 'confirmed'),
    (2, 31, 45, 3, 135, 'confirmed'),
    (3, 31, 45, 1, 45, 'not_confirmed'),
    (4, 32, 35, 2, 70, 'confirmed'),
    (5, 32, 35, 3, 105, 'confirmed'),
    (6, 32, 35, 1, 35, 'not_confirmed'),
    (7, 33, 45, 2, 90, 'confirmed'),
    (8, 33, 45, 3, 135, 'confirmed'),
    (9, 33, 45, 1, 45, 'not_confirmed'),
    (10, 34, 39, 2, 78, 'confirmed'),
    (1, 34, 39, 3, 117, 'confirmed'),
    (2, 34, 39, 1, 39, 'not_confirmed'),
    (3, 35, 35, 2, 70, 'confirmed'),
    (4, 35, 35, 3, 105, 'confirmed'),
    (5, 35, 35, 1, 35, 'not_confirmed'),
    (6, 36, 35, 2, 70, 'confirmed'),
    (7, 36, 35, 3, 105, 'confirmed'),
    (8, 36, 35, 1, 35, 'not_confirmed'),
    (9, 37, 35, 2, 70, 'confirmed'),
    (10, 37, 35, 3, 105, 'confirmed'),
    (1, 37, 35, 1, 35, 'not_confirmed'),
    (2, 38, 120, 2, 240, 'confirmed'),
    (3, 38, 120, 3, 360, 'confirmed'),
    (4, 38, 120, 1, 120, 'not_confirmed'),
    (5, 39, 110, 2, 220, 'confirmed'),
    (6, 39, 110, 3, 330, 'confirmed'),
    (7, 39, 110, 1, 110, 'not_confirmed'),
    (8, 40, 40, 2, 80, 'confirmed'),
    (9, 40, 40, 3, 120, 'confirmed'),
    (10, 40, 40, 1, 40, 'not_confirmed'),
    (1, 41, 35, 2, 70, 'confirmed'),
    (2, 41, 35, 3, 105, 'confirmed'),
    (3, 41, 35, 1, 35, 'not_confirmed'),
    (4, 42, 50, 2, 100, 'confirmed'),
    (5, 42, 50, 3, 150, 'confirmed'),
    (6, 42, 50, 1, 50, 'not_confirmed'),
    (7, 43, 80, 2, 160, 'confirmed'),
    (8, 43, 80, 3, 240, 'confirmed'),
    (9, 43, 80, 1, 80, 'not_confirmed'),
    (10, 44, 70, 2, 140, 'confirmed'),
    (1, 44, 70, 3, 210, 'confirmed'),
    (2, 44, 70, 1, 70, 'not_confirmed'),
    (3, 45, 40, 2, 80, 'confirmed'),
    (4, 45, 40, 3, 120, 'confirmed'),
    (5, 45, 40, 1, 40, 'not_confirmed'),
    (6, 46, 35, 2, 70, 'confirmed'),
    (7, 46, 35, 3, 105, 'confirmed'),
    (8, 46, 35, 1, 35, 'not_confirmed'),
    (9, 47, 60, 2, 120, 'confirmed'),
    (10, 47, 60, 3, 180, 'confirmed'),
    (1, 47, 60, 1, 60, 'not_confirmed'),
    (2, 48, 50, 2, 100, 'confirmed'),
    (3, 48, 50, 3, 150, 'confirmed'),
    (4, 48, 50, 1, 50, 'not_confirmed'),
    (5, 49, 40, 2, 80, 'confirmed'),
    (6, 49, 40, 3, 120, 'confirmed'),
    (7, 49, 40, 1, 40, 'not_confirmed'),
    (8, 50, 30, 2, 60, 'confirmed'),
    (9, 50, 30, 3, 90, 'confirmed'),
    (10, 50, 30, 1, 30, 'not_confirmed'),
    (1, 51, 40, 2, 80, 'confirmed'),
    (2, 51, 40, 3, 120, 'confirmed'),
    (3, 51, 40, 1, 40, 'not_confirmed'),
    (4, 52, 50, 2, 100, 'confirmed'),
    (5, 52, 50, 3, 150, 'confirmed'),
    (6, 52, 50, 1, 50, 'not_confirmed'),
    (7, 53, 120, 2, 240, 'confirmed'),
    (8, 53, 120, 3, 360, 'confirmed'),
    (9, 53, 120, 1, 120, 'not_confirmed'),
    (10, 54, 45, 2, 90, 'confirmed'),
    (1, 54, 45, 3, 135, 'confirmed'),
    (2, 54, 45, 1, 45, 'not_confirmed'),
    (3, 55, 80, 2, 160, 'confirmed'),
    (4, 55, 80, 3, 240, 'confirmed'),
    (5, 55, 80, 1, 80, 'not_confirmed'),
    (6, 56, 30, 2, 60, 'confirmed'),
    (7, 56, 30, 3, 90, 'confirmed'),
    (8, 56, 30, 1, 30, 'not_confirmed'),
    (9, 57, 60, 2, 120, 'confirmed'),
    (10, 57, 60, 3, 180, 'confirmed'),
    (1, 57, 60, 1, 60, 'not_confirmed'),
    (2, 58, 40, 2, 80, 'confirmed'),
    (3, 58, 40, 3, 120, 'confirmed'),
    (4, 58, 40, 1, 40, 'not_confirmed'),
    (5, 59, 35, 2, 70, 'confirmed'),
    (6, 59, 35, 3, 105, 'confirmed'),
    (7, 59, 35, 1, 35, 'not_confirmed'),
    (8, 60, 100, 2, 200, 'confirmed'),
    (9, 60, 100, 3, 300, 'confirmed'),
    (10, 60, 100, 1, 100, 'not_confirmed'),
    (1, 61, 45, 2, 90, 'confirmed'),
    (2, 61, 45, 3, 135, 'confirmed'),
    (3, 61, 45, 1, 45, 'not_confirmed'),
    (4, 62, 50, 2, 100, 'confirmed'),
    (5, 62, 50, 3, 150, 'confirmed'),
    (6, 62, 50, 1, 50, 'not_confirmed'),
    (7, 63, 120, 2, 240, 'confirmed'),
    (8, 63, 120, 3, 360, 'confirmed'),
    (9, 63, 120, 1, 120, 'not_confirmed'),
    (10, 64, 45, 2, 90, 'confirmed'),
    (1, 64, 45, 3, 135, 'confirmed'),
    (2, 64, 45, 1, 45, 'not_confirmed'),
    (3, 65, 40, 2, 80, 'confirmed'),
    (4, 65, 40, 3, 120, 'confirmed'),
    (5, 65, 40, 1, 40, 'not_confirmed'),
    (6, 66, 60, 2, 120, 'confirmed'),
    (7, 66, 60, 3, 180, 'confirmed'),
    (8, 66, 60, 1, 60, 'not_confirmed'),
    (9, 67, 35, 2, 70, 'confirmed'),
    (10, 67, 35, 3, 105, 'confirmed'),
    (1, 67, 35, 1, 35, 'not_confirmed'),
    (2, 68, 80, 2, 160, 'confirmed'),
    (3, 68, 80, 3, 240, 'confirmed'),
    (4, 68, 80, 1, 80, 'not_confirmed'),
    (5, 69, 120, 2, 240, 'confirmed'),
    (6, 69, 120, 3, 360, 'confirmed'),
    (7, 69, 120, 1, 120, 'not_confirmed'),
    (8, 70, 40, 2, 80, 'confirmed'),
    (9, 70, 40, 3, 120, 'confirmed'),
    (10, 70, 40, 1, 40, 'not_confirmed'),
    (1, 71, 45, 2, 90, 'confirmed'),
    (2, 71, 45, 3, 135, 'confirmed'),
    (3, 71, 45, 1, 45, 'not_confirmed'),
    (4, 72, 35, 2, 70, 'confirmed'),
    (5, 72, 35, 3, 105, 'confirmed'),
    (6, 72, 35, 1, 35, 'not_confirmed'),
    (7, 73, 85, 2, 170, 'confirmed'),
    (8, 73, 85, 3, 255, 'confirmed'),
    (9, 73, 85, 1, 85, 'not_confirmed'),
    (10, 74, 60, 2, 120, 'confirmed'),
    (1, 74, 60, 3, 180, 'confirmed'),
    (2, 74, 60, 1, 60, 'not_confirmed'),
    (3, 75, 30, 2, 60, 'confirmed'),
    (4, 75, 30, 3, 90, 'confirmed'),
    (5, 75, 30, 1, 30, 'not_confirmed'),
    (6, 76, 40, 2, 80, 'confirmed'),
    (7, 76, 40, 3, 120, 'confirmed'),
    (8, 76, 40, 1, 40, 'not_confirmed'),
    (9, 77, 50, 2, 100, 'confirmed'),
    (10, 77, 50, 3, 150, 'confirmed'),
    (1, 77, 50, 1, 50, 'not_confirmed'),
    (2, 78, 60, 2, 120, 'confirmed'),
    (3, 78, 60, 3, 180, 'confirmed'),
    (4, 78, 60, 1, 60, 'not_confirmed'),
    (5, 79, 40, 2, 80, 'confirmed'),
    (6, 79, 40, 3, 120, 'confirmed'),
    (7, 79, 40, 1, 40, 'not_confirmed'),
    (8, 80, 50, 2, 100, 'confirmed'),
    (9, 80, 50, 3, 150, 'confirmed'),
    (10, 80, 50, 1, 50, 'not_confirmed'),
    (1, 81, 40, 2, 80, 'confirmed'),
    (2, 81, 40, 3, 120, 'confirmed'),
    (3, 81, 40, 1, 40, 'not_confirmed'),
    (4, 82, 65, 2, 130, 'confirmed'),
    (5, 82, 65, 3, 195, 'confirmed'),
    (6, 82, 65, 1, 65, 'not_confirmed'),
    (7, 83, 45, 2, 90, 'confirmed'),
    (8, 83, 45, 3, 135, 'confirmed'),
    (9, 83, 45, 1, 45, 'not_confirmed'),
    (10, 84, 55, 2, 110, 'confirmed'),
    (1, 84, 55, 3, 165, 'confirmed'),
    (2, 84, 55, 1, 55, 'not_confirmed'),
    (3, 85, 60, 2, 120, 'confirmed'),
    (4, 85, 60, 3, 180, 'confirmed'),
    (5, 85, 60, 1, 60, 'not_confirmed'),
    (6, 86, 35, 2, 70, 'confirmed'),
    (7, 86, 35, 3, 105, 'confirmed'),
    (8, 86, 35, 1, 35, 'not_confirmed'),
    (9, 87, 55, 2, 110, 'confirmed'),
    (10, 87, 55, 3, 165, 'confirmed'),
    (1, 87, 55, 1, 55, 'not_confirmed'),
    (2, 88, 15, 2, 30, 'confirmed'),
    (3, 88, 15, 3, 45, 'confirmed'),
    (4, 88, 15, 1, 15, 'not_confirmed'),
    (5, 89, 35, 2, 70, 'confirmed'),
    (6, 89, 35, 3, 105, 'confirmed'),
    (7, 89, 35, 1, 35, 'not_confirmed'),
    (8, 90, 50, 2, 100, 'confirmed'),
    (9, 90, 50, 3, 150, 'confirmed'),
    (10, 90, 50, 1, 50, 'not_confirmed'),
    (1, 91, 25, 2, 50, 'confirmed'),
    (2, 91, 25, 3, 75, 'confirmed'),
    (3, 91, 25, 1, 25, 'not_confirmed'),
    (4, 92, 40, 2, 80, 'confirmed'),
    (5, 92, 40, 3, 120, 'confirmed'),
    (6, 92, 40, 1, 40, 'not_confirmed'),
    (7, 93, 85, 2, 170, 'confirmed'),
    (8, 93, 85, 3, 255, 'confirmed'),
    (9, 93, 85, 1, 85, 'not_confirmed'),
    (10, 94, 60, 2, 120, 'confirmed'),
    (1, 94, 60, 3, 180, 'confirmed'),
    (2, 94, 60, 1, 60, 'not_confirmed'),
    (3, 95, 30, 2, 60, 'confirmed'),
    (4, 95, 30, 3, 90, 'confirmed'),
    (5, 95, 30, 1, 30, 'not_confirmed'),
    (6, 96, 70, 2, 140, 'confirmed'),
    (7, 96, 70, 3, 210, 'confirmed'),
    (8, 96, 70, 1, 70, 'not_confirmed'),
    (9, 97, 60, 2, 120, 'confirmed'),
    (10, 97, 60, 3, 180, 'confirmed'),
    (1, 97, 60, 1, 60, 'not_confirmed'),
    (2, 98, 35, 2, 70, 'confirmed'),
    (3, 98, 35, 3, 105, 'confirmed'),
    (4, 98, 35, 1, 35, 'not_confirmed'),
    (5, 99, 50, 2, 100, 'confirmed'),
    (6, 99, 50, 3, 150, 'confirmed'),
    (7, 99, 50, 1, 50, 'not_confirmed'),
    (8, 100, 35, 2, 70, 'confirmed'),
    (9, 100, 35, 3, 105, 'confirmed'),
    (10, 100, 35, 1, 35, 'not_confirmed'),
    (1, 101, 55, 2, 110, 'confirmed'),
    (2, 101, 55, 3, 165, 'confirmed'),
    (3, 101, 55, 1, 55, 'not_confirmed'),
    (4, 102, 70, 2, 140, 'confirmed'),
    (5, 102, 70, 3, 210, 'confirmed'),
    (6, 102, 70, 1, 70, 'not_confirmed'),
    (7, 103, 55, 2, 110, 'confirmed'),
    (8, 103, 55, 3, 165, 'confirmed'),
    (9, 103, 55, 1, 55, 'not_confirmed'),
    (10, 104, 45, 2, 90, 'confirmed'),
    (1, 104, 45, 3, 135, 'confirmed'),
    (2, 104, 45, 1, 45, 'not_confirmed'),
    (3, 105, 60, 2, 120, 'confirmed'),
    (4, 105, 60, 3, 180, 'confirmed'),
    (5, 105, 60, 1, 60, 'not_confirmed'),
    (6, 106, 40, 2, 80, 'confirmed'),
    (7, 106, 40, 3, 120, 'confirmed'),
    (8, 106, 40, 1, 40, 'not_confirmed'),
    (9, 107, 30, 2, 60, 'confirmed'),
    (10, 107, 30, 3, 90, 'confirmed'),
    (1, 107, 30, 1, 30, 'not_confirmed'),
    (2, 108, 45, 2, 90, 'confirmed'),
    (3, 108, 45, 3, 135, 'confirmed'),
    (4, 108, 45, 1, 45, 'not_confirmed'),
    (5, 109, 60, 2, 120, 'confirmed'),
    (6, 109, 60, 3, 180, 'confirmed'),
    (7, 109, 60, 1, 60, 'not_confirmed'),
    (8, 110, 65, 2, 130, 'confirmed'),
    (9, 110, 65, 3, 195, 'confirmed'),
    (10, 110, 65, 1, 65, 'not_confirmed'),
    (1, 111, 25, 2, 50, 'confirmed'),
    (2, 111, 25, 3, 75, 'confirmed'),
    (3, 111, 25, 1, 25, 'not_confirmed'),
    (4, 112, 70, 2, 140, 'confirmed'),
    (5, 112, 70, 3, 210, 'confirmed'),
    (6, 112, 70, 1, 70, 'not_confirmed'),
    (7, 113, 55, 2, 110, 'confirmed'),
    (8, 113, 55, 3, 165, 'confirmed'),
    (9, 113, 55, 1, 55, 'not_confirmed');


-- Seed data cho bảng Feedback
INSERT INTO Feedback (user_id, dish_id, rating, order_id, comment)
VALUES 
    (1, 1, 4, 1, 'Món Bò tơ cuốn bánh tráng có hương vị rất đặc biệt, thịt bò mềm và rau sống tươi. Tuy nhiên, phần ăn giao đến không được gói kỹ nên hơi nguội.'),
    (2, 1, 5, 2, 'Bò tơ cuốn bánh tráng là món ăn hoàn hảo để chia sẻ với gia đình. Hương vị tuyệt vời, phần rau rất sạch và tươi. Sẽ đặt thêm lần nữa.'),
    (3, 1, 3, 3, 'Phần bò tơ có hương vị ổn, nhưng bánh tráng giao đến bị khô. Hy vọng lần tới nhà hàng cải thiện cách đóng gói.'),
    (4, 2, 4, 4, 'Món Tan Tan Ramen ngon và nước dùng đậm đà. Tuy nhiên, mì hơi mềm hơn so với mong đợi vì thời gian giao hàng khá lâu.'),
    (5, 2, 5, 5, 'Tan Tan Ramen đúng chuẩn Nhật Bản. Gia vị vừa miệng, cay nhẹ rất ngon. Phần ăn giao đến vẫn còn nóng, rất đáng giá.'),
    (6, 2, 4, 6, 'Ramen có hương vị ngon, nhưng trứng chần trong ramen bị vỡ khi giao hàng. Hy vọng nhà hàng cải thiện việc đóng gói.'),
    (7, 3, 5, 7, 'Toku TanTan Ramen thực sự ngon, nước dùng đậm vị và phần topping đầy đủ. Tôi rất hài lòng với đơn hàng này.'),
    (8, 3, 4, 8, 'Món ramen cao cấp có hương vị rất ngon, nhưng giá hơi cao so với phần ăn. Sợi mì cũng mềm đi trong quá trình vận chuyển.'),
    (9, 3, 3, 9, 'Hương vị Toku TanTan Ramen không thực sự đặc biệt so với kỳ vọng của tôi. Hy vọng món ăn sẽ được nâng cấp về chất lượng.'),
    (10, 4, 3, 10, 'Miso Ramen có vị khá ngon, nhưng nước dùng bị nguội khi đến nơi. Nếu giao hàng nhanh hơn, trải nghiệm sẽ tốt hơn nhiều.'),
    (1, 4, 4, 11, 'Miso Ramen rất ngon, nước dùng đậm đà và phần ăn đầy đặn. Dù hơi nguội nhưng hương vị vẫn rất ổn.'),
    (2, 4, 5, 12, 'Miso Ramen ngon tuyệt, nước dùng đậm vị, topping phong phú. Đóng gói kỹ lưỡng giúp giữ nhiệt tốt.'),
    (3, 5, 4, 13, 'Yakisoba rất ngon, hương vị hấp dẫn. Tuy nhiên, phần rau củ hơi bị mềm do thời gian vận chuyển.'),
    (4, 5, 5, 14, 'Món Yakisoba đậm vị, sợi mì thơm ngon, phần thịt đầy đặn. Tôi rất hài lòng khi nhận được phần ăn còn nóng hổi.'),
    (5, 5, 4, 15, 'Hương vị Yakisoba ổn, phù hợp giá tiền. Nhưng phần ăn giao đến hơi nguội. Hy vọng món ăn được giữ nhiệt tốt hơn.'),
    (6, 6, 4, 16, 'Sashimi cá hồi rất tươi và ngon. Tuy nhiên, nước tương bị đổ ra hộp khi giao đến. Mong nhà hàng đóng gói cẩn thận hơn.'),
    (7, 6, 5, 17, 'Phần sashimi cá hồi đẹp mắt, cá tươi và phần wasabi chuẩn vị. Đây là một món ăn rất đáng để thử.'),
    (8, 6, 4, 18, 'Sashimi ngon và tươi, nhưng phần trình bày bị ảnh hưởng do vận chuyển. Nếu cải thiện khâu này sẽ rất hoàn hảo.'),
    (9, 7, 4, 19, 'Cơm cuộn phủ bơ có hương vị ngon, nhưng lớp bơ trên cơm bị dập khi giao đến. Hy vọng nhà hàng cải thiện bao bì.'),
    (10, 7, 5, 20, 'Cơm cuộn phủ bơ thực sự ngon và hấp dẫn, cơm dẻo và bơ thơm. Một lựa chọn hoàn hảo cho bữa ăn gia đình.'),
    (1, 7, 4, 21, 'Hương vị rất ngon, nhưng phần bơ bị chảy nhẹ trong quá trình vận chuyển. Tôi hy vọng lần tới món ăn sẽ được giữ lạnh tốt hơn.'),
    (2, 8, 4, 22, 'Hương vị tinh tế và độc đáo, món ăn này thực sự phù hợp để đặt về nhà. Tôi rất ấn tượng với chất lượng giao hàng.'),
    (3, 8, 4, 23, 'Món ăn được chế biến rất cẩn thận, khi nhận hàng vẫn còn nóng hổi. Tôi rất hài lòng với trải nghiệm đặt hàng lần này.'),
    (4, 8, 5, 24, 'Hương vị món ăn tuyệt vời, giao hàng nhanh chóng và đúng giờ. Chắc chắn tôi sẽ đặt lại món này.'),
    (5, 9, 4, 25, 'Món ăn ngon nhưng phần ăn hơi ít. Nếu khẩu phần lớn hơn sẽ phù hợp hơn với việc đặt giao về nhà.'),
    (6, 9, 4, 26, 'Hương vị món ăn rất tuyệt vời, từng nguyên liệu được chuẩn bị kỹ lưỡng. Món này rất thích hợp cho bữa tối tại nhà.'),
    (7, 9, 4, 27, 'Món ăn ngon và hấp dẫn nhưng giá cả hơi cao. Tuy nhiên, chất lượng món ăn giao về vẫn được đảm bảo tốt.'),
    (8, 10, 5, 28, 'Món ăn rất ngon, phù hợp với khẩu vị của tôi. Tôi rất hài lòng với cách đóng gói khi giao hàng.'),
    (9, 10, 4, 29, 'Hương vị món ăn ổn định, đóng gói kỹ lưỡng và giao hàng đúng giờ. Tôi rất hài lòng với dịch vụ.'),
    (10, 10, 4, 30, 'Món ăn không chỉ ngon mà còn có mức giá hợp lý. Giao hàng nhanh chóng, tôi sẽ tiếp tục ủng hộ.'),
    (1, 11, 4, 31, 'Món ăn ngon nhưng cần cải thiện thêm về khâu đóng gói để giữ được nhiệt độ tốt hơn khi giao.'),
    (2, 11, 5, 32, 'Món ăn rất ngon, trình bày đẹp mắt ngay cả khi được giao về nhà. Tôi cảm nhận được sự chăm chút từ nhà hàng.'),
    (3, 11, 4, 33, 'Hương vị món ăn rất tốt, mức giá hợp lý. Đóng gói sạch sẽ, tôi sẽ đặt thêm các món khác từ nhà hàng.'),
    (4, 12, 5, 34, 'Món ăn tuyệt vời, đóng gói kỹ càng và giữ được hương vị tươi ngon khi giao hàng. Tôi sẽ giới thiệu cho bạn bè.'),
    (5, 12, 4, 35, 'Món ăn ngon nhưng phần ăn hơi ít. Hy vọng khẩu phần sẽ lớn hơn trong các lần đặt hàng sau.'),
    (6, 12, 5, 36, 'Hương vị món ăn rất tuyệt vời, giao hàng đúng giờ và giữ được độ nóng. Tôi rất ấn tượng.'),
    (7, 13, 4, 37, 'Món ăn ngon nhưng giá có phần hơi cao. Giao hàng nhanh chóng và chất lượng món vẫn được đảm bảo.'),
    (8, 13, 4, 38, 'Món ăn rất ngon, giao hàng cẩn thận. Tôi sẽ thử thêm nhiều món khác từ nhà hàng.'),
    (9, 13, 4, 39, 'Hương vị món ăn ổn định, đóng gói cẩn thận. Tôi cảm thấy hài lòng với dịch vụ giao hàng của nhà hàng.'),
    (10, 14, 5, 40, 'Món ăn có hương vị thơm ngon, đóng gói cẩn thận. Giao hàng nhanh và giá cả hợp lý với chất lượng món ăn.'),
    (1, 14, 4, 41, 'Món ăn ngon nhưng khâu đóng gói cần được cải thiện hơn nữa để giữ nhiệt tốt hơn khi giao.'),
    (2, 14, 5, 42, 'Món ăn không chỉ ngon mà còn được trình bày đẹp mắt. Giao hàng đúng giờ, tôi rất hài lòng.'),
    (3, 15, 4, 43, 'Hương vị món ăn rất tốt, mức giá phù hợp với chất lượng. Đóng gói đẹp và giao hàng đúng hẹn. Tôi rất hài lòng.'),
    (4, 15, 5, 44, 'Món ăn tuyệt vời từ hương vị đến cách trình bày. Tôi rất hài lòng và sẽ giới thiệu cho bạn bè.'),
    (5, 15, 4, 45, 'Món ăn ngon nhưng phần ăn hơi ít so với mong đợi. Hy vọng sẽ có sự điều chỉnh về khẩu phần.'),
    (6, 16, 4, 46, 'Hương vị của món ăn thực sự rất tuyệt vời, xứng đáng để thử và tôi chắc chắn sẽ quay lại.'),
    (7, 16, 4, 47, 'Món ăn ngon nhưng giá cả hơi cao. Tuy nhiên, tôi vẫn đánh giá cao chất lượng món ăn.'),
    (8, 16, 5, 48, 'Món ăn rất ngon, hương vị độc đáo và đáng để thử lại nhiều lần. Tôi rất hài lòng với trải nghiệm này.'),
    (9, 17, 4, 49, 'Hương vị món ăn rất ổn định, phục vụ nhiệt tình và chu đáo. Tôi cảm thấy rất thoải mái khi dùng bữa.'),
    (10, 17, 4, 50, 'Món ăn có hương vị thơm ngon và giá cả hợp lý. Tôi sẽ tiếp tục ủng hộ nhà hàng trong tương lai.'),
    (1, 17, 4, 51, 'Món ăn có hương vị thơm ngon và giá cả hợp lý. Tôi sẽ tiếp tục ủng hộ nhà hàng trong tương lai.'),
    (2, 18, 4, 52, 'Món ăn rất ngon nhưng khâu phục vụ cần được cải thiện thêm để khách hàng có trải nghiệm tốt hơn.'),
    (3, 18, 5, 53, 'Món ăn ngon và được trình bày rất đẹp mắt. Tôi rất hài lòng và sẽ quay lại để thưởng thức thêm.'),
    (4, 18, 4, 54, 'Hương vị của món ăn rất tốt, mức giá hoàn toàn phù hợp với chất lượng. Tôi rất hài lòng.'),
    (5, 19, 5, 55, 'Món ăn này thực sự tuyệt vời, từ hương vị đến cách trình bày đều rất chỉnh chu. Tôi rất hài lòng.'),
    (6, 19, 4, 56, 'Món ăn rất ngon nhưng khẩu phần hơi ít. Hy vọng lần tới khi đặt hàng, khẩu phần sẽ được điều chỉnh nhiều hơn.'),
    (7, 19, 5, 57, 'Hương vị rất tuyệt vời, giao hàng nhanh chóng và món ăn vẫn còn nóng. Tôi rất hài lòng với trải nghiệm này.'),
    (8, 20, 4, 58, 'Món ăn ngon nhưng giá cả hơi cao so với kỳ vọng. Tuy nhiên, giao hàng đúng giờ và chất lượng ổn định.'),
    (9, 20, 5, 59, 'Món ăn được giao tới rất nhanh, hợp khẩu vị và vẫn giữ được độ nóng. Tôi sẽ đặt hàng thêm lần nữa.'),
    (10, 20, 4, 60, 'Hương vị món ăn ổn định, phục vụ giao hàng rất nhiệt tình. Tôi cảm thấy hài lòng và sẽ tiếp tục ủng hộ.'),
    (1, 21, 5, 61, 'Món ăn rất ngon với mức giá hợp lý. Mặc dù đặt hàng qua ứng dụng nhưng mọi thứ đều rất tuyệt.'),
    (2, 21, 4, 62, 'Món ăn ngon nhưng cần cải thiện thêm phần đóng gói để món ăn không bị nguội khi giao đến khách hàng.'),
    (3, 21, 5, 63, 'Món ăn ngon và đóng gói rất cẩn thận. Tôi chắc chắn sẽ đặt hàng thêm và giới thiệu cho bạn bè.'),
    (4, 22, 4, 64, 'Hương vị món ăn rất ngon, giao hàng đúng giờ và giá cả hợp lý. Một trải nghiệm đặt hàng tuyệt vời.'),
    (5, 22, 5, 65, 'Món ăn tuyệt vời cả về hương vị lẫn cách đóng gói. Tôi thực sự hài lòng và sẽ tiếp tục đặt hàng.'),
    (6, 22, 3, 66, 'Món ăn ngon nhưng khẩu phần hơi ít. Hy vọng nhà hàng cải thiện để phù hợp hơn với nhu cầu khách đặt hàng.'),
    (7, 23, 5, 67, 'Hương vị rất tuyệt vời và món ăn được giao nhanh chóng. Tôi chắc chắn sẽ đặt hàng thêm lần nữa.'),
    (8, 23, 4, 68, 'Món ăn ngon nhưng giá cả hơi cao. Giao hàng đúng giờ, tuy nhiên món ăn có phần hơi nguội.'),
    (9, 23, 5, 69, 'Món ăn rất ngon, giao hàng nhanh và đóng gói cẩn thận. Tôi sẽ tiếp tục đặt hàng tại đây.'),
    (10, 24, 4, 70, 'Món ăn giao đến vẫn giữ được độ nóng và hương vị ổn định. Tôi cảm thấy rất hài lòng.'),
    (1, 24, 5, 71, 'Món ăn ngon, giá hợp lý và đóng gói đẹp mắt. Tôi sẽ tiếp tục đặt hàng qua ứng dụng.'),
    (2, 24, 5, 72, 'Món ăn ngon, giá hợp lý và đóng gói đẹp mắt. Tôi sẽ tiếp tục đặt hàng qua ứng dụng.'),
    (3, 25, 4, 73, 'Món ăn ngon nhưng cần cải thiện thêm về khâu đóng gói để món ăn giữ được độ nóng lâu hơn.'),
    (4, 25, 5, 74, 'Món ăn ngon, giao hàng đúng giờ và được đóng gói kỹ lưỡng. Một trải nghiệm đặt hàng rất tốt.'),
    (5, 25, 4, 75, 'Hương vị món ăn rất tốt và mức giá hợp lý. Tuy nhiên, món ăn hơi nguội khi được giao tới.'),
    (6, 26, 5, 76, 'Món ăn tuyệt vời cả về hương vị lẫn cách đóng gói. Tôi sẽ tiếp tục đặt hàng và giới thiệu cho bạn bè.'),
    (7, 26, 4, 77, 'Món bánh cuốn ăn rất ngon, nhưng phần ăn hơi ít. Hy vọng lần tới khẩu phần sẽ được tăng thêm để khách hàng hài lòng hơn.'),
    (8, 26, 5, 78, 'Hương vị bánh cuốn rất tuyệt vời, phần nhân được chế biến kỹ lưỡng và rau đi kèm rất tươi. Đóng gói cũng rất sạch sẽ.'),
    (9, 27, 4, 79, 'Món ăn ngon và đáng thử. Tuy nhiên, giá cả có phần hơi cao so với kỳ vọng. Hy vọng sẽ có ưu đãi cho khách hàng thân thiết.'),
    (10, 27, 5, 80, 'Bánh cuốn nhân trứng rất ngon, mềm và thơm. Cách đóng gói gọn gàng giúp món ăn giữ được độ nóng khi giao đến.'),
    (1, 27, 4, 81, 'Món ăn có hương vị ổn định và được giao hàng nhanh chóng. Tuy nhiên, phần nhân có thể nêm nếm đậm đà hơn.'),
    (2, 28, 5, 82, 'Món mì gà tần rất bổ dưỡng, nước dùng đậm đà và giao hàng đúng giờ. Chắc chắn tôi sẽ đặt thêm trong tương lai.'),
    (3, 28, 4, 83, 'Món ăn ngon nhưng nước dùng hơi nguội khi đến nơi. Hy vọng lần tới đóng gói sẽ giữ nhiệt tốt hơn.'),
    (4, 28, 5, 84, 'Món ăn có hương vị đậm đà, phần gà tần mềm và thơm. Đóng gói rất cẩn thận, tôi đánh giá cao sự chuyên nghiệp.'),
    (5, 29, 4, 85, 'Món cháo trắng rất thanh đạm, hương vị phù hợp cho bữa ăn nhẹ nhàng. Giao hàng nhanh nhưng cần thêm phần đũa dùng một lần.'),
    (6, 29, 5, 86, 'Cháo trắng rất ngon, đóng gói sạch sẽ và giao hàng nhanh chóng. Một trải nghiệm tuyệt vời!'),
    (7, 29, 4, 87, 'Cháo ngon nhưng phần ăn hơi ít so với mong đợi. Hy vọng nhà hàng sẽ có khẩu phần lớn hơn.'),
    (8, 30, 5, 88, 'Cháo sườn rất thơm và mềm, vị ngọt từ sườn làm tôi rất hài lòng. Đóng gói kỹ và giao hàng nhanh chóng.'),
    (9, 30, 4, 89, 'Cháo ngon nhưng giá hơi cao so với khẩu phần. Hy vọng sẽ có thêm ưu đãi để thu hút khách hàng.'),
    (10, 30, 5, 90, 'Cháo sườn rất ngon, phần cháo mịn và nước dùng đậm đà. Tôi chắc chắn sẽ đặt lại.'),
    (1, 31, 5, 91, 'Cháo lưỡi rất mềm và thơm ngon, phù hợp cho cả trẻ em. Phần giao hàng rất đúng giờ.'),
    (2, 31, 5, 92, 'Cháo lưỡi ngon và bổ dưỡng, giao hàng nhanh, nhân viên giao hàng rất thân thiện. Tôi rất hài lòng.'),
    (3, 31, 5, 93, 'Cháo lưỡi ngon và bổ dưỡng, giao hàng nhanh, nhân viên giao hàng rất thân thiện. Tôi rất hài lòng.'),
    (4, 32, 4, 94, 'Cháo móng giò ngon nhưng hơi nguội khi giao đến. Hy vọng có thêm túi giữ nhiệt để món ăn giữ độ nóng.'),
    (5, 32, 5, 95, 'Món cháo móng giò rất ngon, phần móng giò mềm và thơm. Đóng gói cẩn thận, rất hài lòng.'),
    (6, 32, 5, 96, 'Cháo móng giò thơm ngon và bổ dưỡng, nước dùng rất đậm đà. Tôi chắc chắn sẽ đặt lại nhiều lần nữa.'),
    (7, 33, 5, 97, 'Cháo lưỡi ngon từ hương vị đến cách trình bày. Phần lưỡi bò mềm và cháo rất mịn. Tôi sẽ giới thiệu cho bạn bè.'),
    (8, 33, 4, 98, 'Món ăn ngon nhưng khẩu phần hơi ít so với giá. Hy vọng nhà hàng sẽ điều chỉnh để thu hút thêm khách.'),
    (9, 33, 5, 99, 'Cháo lưỡi thơm ngon, bổ dưỡng, phần giao hàng đúng giờ và nhân viên rất lịch sự. Tôi rất hài lòng.'),
    (10, 34, 4, 100, 'Món bánh bạch tuộc thơm ngon, nhân đầy đặn. Tuy nhiên, phần vỏ hơi mềm do đóng gói không thoát hơi tốt.'),
    (1, 34, 5, 101, 'Bánh Takoyaki rất ngon, nhân tươi và phần topping hấp dẫn. Tôi sẽ đặt thêm nhiều lần nữa.'),
    (2, 34, 4, 102, 'Món ăn khá ngon, phần giao hàng nhanh nhưng bánh hơi nguội. Hy vọng lần sau giữ nhiệt tốt hơn.'),
    (3, 35, 5, 103, 'Cơm trộn Bibimbap giao nhanh, hương vị tuyệt vời và khẩu phần đầy đặn. Đây là lựa chọn hoàn hảo cho bữa trưa.'),
    (4, 35, 4, 104, 'Món ăn ngon nhưng thời gian giao hàng hơi lâu. Hy vọng dịch vụ sẽ được cải thiện hơn trong tương lai.'),
    (5, 35, 5, 105, 'Cơm trộn rất ngon, cách trình bày hấp dẫn dù được giao đến. Tôi hoàn toàn hài lòng với lựa chọn này.'),
    (6, 36, 4, 106, 'Món Tokbokki cay nhẹ, giữ được độ mềm dù giao hàng. Một món ăn phù hợp để đặt trực tuyến.'),
    (7, 36, 5, 107, 'Tokbokki rất ngon, nước sốt cay đậm đà. Phần ăn vừa đủ và được giao đến đúng giờ.'),
    (8, 36, 4, 108, 'Hương vị món ăn rất ngon nhưng khẩu phần hơi nhỏ. Hy vọng nhà hàng có thể bổ sung thêm các phần ăn lớn.'),
    (9, 37, 5, 109, 'Cơm cuộn cá hồi giữ được độ tươi ngon sau khi giao hàng. Đây là món ăn đáng thử và rất tiện lợi cho bữa trưa.'),
    (10, 37, 4, 110, 'Cơm cuộn ngon nhưng giá cả hơi cao. Giao hàng nhanh và dịch vụ hỗ trợ khách hàng rất tốt.'),
    (1, 37, 5, 111, 'Món cơm cuộn cá hồi rất ngon, phần cơm mềm và cá hồi tươi. Tôi rất hài lòng với chất lượng giao hàng.'),
    (2, 38, 4, 112, 'Hương vị món ăn rất ngon, phần thịt bò mềm và gia vị vừa đủ. Giao hàng đúng giờ, nhưng bao bì có thể cải thiện thêm.'),
    (3, 38, 5, 113, 'Bò Bulgogi được chế biến ngon, giao hàng nhanh chóng. Đây là món ăn tôi sẽ đặt lại.'),
    (4, 38, 5, 114, 'Bò Bulgogi được chế biến ngon, giao hàng nhanh chóng. Đây là món ăn tôi sẽ đặt lại.'),
    (5, 39, 4, 115, 'Bibimbap ngon nhưng thời gian giao hàng hơi lâu. Hy vọng nhà hàng cải thiện để mang đến trải nghiệm tốt hơn.'),
    (6, 39, 5, 116, 'Món ăn được trình bày đẹp mắt ngay cả khi giao hàng. Hương vị tuyệt vời, tôi sẽ giới thiệu cho bạn bè.'),
    (7, 39, 4, 117, 'Bibimbap giữ được hương vị đặc trưng sau khi giao hàng. Giá cả hợp lý và đáng để thử.'),
    (8, 40, 5, 118, 'Cơm tấm sườn nướng rất ngon, thịt mềm và gia vị đậm đà. Giao hàng nhanh, bao bì sạch sẽ.'),
    (9, 40, 4, 119, 'Cơm tấm ngon nhưng phần sườn hơi ít so với mong đợi. Tôi hy vọng khẩu phần sẽ cải thiện trong lần tới.'),
   (10, 40, 5, 120, 'Hương vị món ăn thực sự rất tuyệt vời, đặc biệt là cơm tấm thơm ngon với sườn nướng mềm mại. Tôi chắc chắn sẽ đặt lại.'),
    (1, 41, 4, 121, 'Bún riêu cua ngon với nước dùng đậm đà, tuy nhiên giá cả hơi cao so với khẩu phần. Tôi vẫn sẽ cân nhắc đặt lại.'),
    (2, 41, 4, 122, 'Món bún riêu cua đậm đà, phù hợp khẩu vị. Phần ăn đầy đặn, tôi sẽ đặt thêm các món khác để thử.'),
    (3, 41, 4, 123, 'Bún riêu cua có hương vị ổn định, nước dùng ngon, và giao hàng nhanh. Tôi hài lòng với dịch vụ này.'),
    (4, 42, 5, 124, 'Bánh mì chảo thơm ngon với đa dạng nguyên liệu trong chảo. Giá cả hợp lý, một lựa chọn rất tuyệt vời cho bữa ăn.'),
    (5, 42, 4, 125, 'Bánh mì chảo ngon nhưng cần cải thiện đóng gói để giữ độ nóng. Dịch vụ giao hàng khá ổn.'),
    (6, 42, 5, 126, 'Bánh mì chảo đầy đủ, ngon miệng, và trình bày đẹp mắt. Tôi cảm nhận được sự tâm huyết từ đầu bếp.'),
    (7, 43, 4, 127, 'Cơm gà Hải Nam với hương vị tốt và mức giá hợp lý. Tôi sẽ đặt lại lần nữa để thử thêm các món khác.'),
    (8, 43, 5, 128, 'Cơm gà Hải Nam thật tuyệt vời, cơm mềm dẻo và gà được chế biến thơm ngon. Tôi sẽ giới thiệu món này cho bạn bè.'),
    (9, 43, 5, 129, 'Cơm gà Hải Nam thật tuyệt vời, cơm mềm dẻo và gà được chế biến thơm ngon. Tôi sẽ giới thiệu món này cho bạn bè.'),
    (10, 44, 4, 130, 'Bánh xèo Nhật Bản ngon với lớp vỏ giòn rụm và nhân hấp dẫn. Tuy nhiên, giá cả hơi cao một chút.'),
    (1, 44, 4, 131, 'Bánh xèo Nhật có hương vị độc đáo nhưng giá hơi đắt. Nếu có thêm khuyến mãi, tôi sẽ đặt thêm.'),
    (2, 44, 5, 132, 'Bánh xèo Nhật Bản rất ngon, lớp vỏ giòn và nhân đầy đủ. Tôi chắc chắn sẽ đặt thêm lần nữa.'),
    (3, 45, 4, 133, 'Xôi chim dẻo thơm, nhân chim được nêm nếm vừa vặn. Tôi cảm thấy thoải mái với lần đặt hàng này.'),
    (4, 45, 4, 134, 'Xôi chim ngon và giá hợp lý. Phù hợp cho bữa ăn sáng hoặc tối. Tôi sẽ tiếp tục ủng hộ.'),
    (5, 45, 4, 135, 'Xôi chim ngon và giá hợp lý. Phù hợp cho bữa ăn sáng hoặc tối. Tôi sẽ tiếp tục ủng hộ.'),
    (6, 46, 4, 136, 'Bún đậu mắm tôm ngon nhưng khâu đóng gói cần cải thiện để giữ mắm tôm không bị tràn.'),
    (7, 46, 5, 137, 'Bún đậu mắm tôm đầy đủ topping và mắm tôm đậm đà. Tôi rất hài lòng với chất lượng món ăn.'),
    (8, 46, 4, 138, 'Bún đậu mắm tôm ngon, giá cả hợp lý. Tôi sẽ giới thiệu món này cho bạn bè.'),
    (9, 47, 5, 139, 'Mì cay được nêm nếm vừa phải và topping phong phú. Tôi hoàn toàn hài lòng với dịch vụ và chất lượng món ăn.'),
    (10, 47, 4, 140, 'Món ăn ngon nhưng khẩu phần hơi nhỏ. Phù hợp để đặt về nhà nhưng hy vọng nhà hàng sẽ cải thiện khẩu phần.'),
    (1, 47, 5, 141, 'Hương vị món ăn đậm đà, đóng gói gọn gàng, rất phù hợp để đặt hàng về nhà. Tôi chắc chắn sẽ đặt lại.'),
    (2, 48, 4, 142, 'Món ăn ngon với hương vị hấp dẫn nhưng giá hơi cao so với dịch vụ giao hàng. Tuy nhiên, tôi vẫn hài lòng với chất lượng.'),
    (3, 48, 4, 143, 'Món ăn được giao đến nóng hổi, vừa miệng. Tôi rất thích cách đóng gói cẩn thận và sẽ tiếp tục đặt hàng tại đây.'),
    (4, 48, 4, 144, 'Hương vị món ăn ổn định, đóng gói đẹp mắt, giao hàng nhanh chóng. Tôi hài lòng với trải nghiệm lần này.'),
    (5, 49, 5, 145, 'Món ăn ngon, giá cả hợp lý, phù hợp để thưởng thức tại nhà. Đây là sự lựa chọn tuyệt vời cho những ngày bận rộn.'),
    (6, 49, 4, 146, 'Món ăn ngon nhưng cần cải thiện khâu đóng gói để đảm bảo giữ nhiệt tốt hơn khi giao hàng.'),
    (7, 49, 5, 147, 'Món ăn không chỉ ngon mà còn được giao đến trong tình trạng hoàn hảo. Tôi rất hài lòng với dịch vụ giao hàng của nhà hàng.'),
    (8, 50, 4, 148, 'Hương vị món ăn rất tốt và phù hợp với giá cả. Giao hàng đúng giờ là một điểm cộng lớn.'),
    (9, 50, 5, 149, 'Món ăn tuyệt vời từ cách chế biến đến cách giao hàng. Tôi sẽ tiếp tục đặt hàng từ nhà hàng này.'),
    (10, 50, 4, 150, 'Món ăn ngon nhưng phần ăn hơi nhỏ so với mong đợi. Hy vọng sẽ cải thiện để phù hợp hơn khi đặt mang về nhà.'),
    (1, 51, 4, 151, 'Món ăn khá ngon và đậm đà, nhưng cảm giác giá hơi cao so với chất lượng. Tôi vẫn sẽ cân nhắc đặt lại.'),
    (2, 51, 4, 152, 'Món ăn được giao nhanh, giữ nhiệt tốt và hương vị rất ngon. Tôi sẽ tiếp tục đặt hàng tại đây.'),
    (3, 51, 4, 153, 'Hương vị món ăn ổn định, phù hợp với dịch vụ giao hàng. Tôi hài lòng với trải nghiệm này.'),
    (4, 52, 5, 154, 'Món ăn ngon và giá cả hợp lý. Giao hàng nhanh chóng, đóng gói đẹp mắt. Tôi rất hài lòng.'),
    (5, 52, 4, 155, 'Món ăn ngon nhưng cần cải thiện khâu giao hàng để tăng trải nghiệm khách hàng tốt hơn.'),
    (6, 52, 5, 156, 'Món ăn rất ngon, trình bày đẹp và giao hàng đúng giờ. Tôi sẽ tiếp tục ủng hộ nhà hàng.'),
    (7, 53, 4, 157, 'Hương vị món ăn rất tốt và mức giá hợp lý. Giao hàng nhanh, tôi sẽ tiếp tục đặt hàng.'),
    (8, 53, 5, 158, 'Món ăn thực sự rất ngon, dịch vụ giao hàng nhanh chóng và đóng gói rất gọn gàng. Tôi rất hài lòng.'),
    (9, 53, 4, 159, 'Món ăn ngon nhưng phần ăn hơi nhỏ. Hy vọng khẩu phần sẽ phù hợp hơn cho đơn hàng đặt giao.'),
    (10, 54, 4, 160, 'Món ăn ngon nhưng giá hơi cao so với dịch vụ giao hàng. Tuy nhiên, chất lượng rất tốt.'),
    (1, 54, 4, 161, 'Món ăn được giao nhanh, hương vị ổn định và đóng gói gọn gàng. Tôi sẽ đặt lại lần nữa.'),
    (2, 54, 4, 162, 'Hương vị món ăn rất ổn, giao hàng nhanh và đóng gói tốt. Tôi cảm thấy hài lòng với đơn hàng này.'),
    (3, 55, 5, 163, 'Món ăn ngon, giá cả hợp lý và dịch vụ giao hàng tốt. Tôi chắc chắn sẽ đặt lại món này trong tương lai.'),
    (4, 55, 4, 164, 'Món ăn rất ngon nhưng cần cải thiện khâu đóng gói để món được giữ nóng lâu hơn khi giao đến.'),
    (5, 55, 5, 165, 'Món ăn không chỉ ngon mà còn được giao nhanh và đúng giờ. Tôi rất hài lòng với dịch vụ của nhà hàng.'),
    (6, 56, 4, 166, 'Hương vị món ăn rất tốt và mức giá hợp lý. Tôi sẽ tiếp tục đặt hàng từ nhà hàng này.'),
    (7, 56, 5, 167, 'Món ăn thực sự rất tuyệt vời, cách chế biến và giao hàng đều khiến tôi hài lòng.'),
    (8, 56, 4, 168, 'Món ăn ngon nhưng phần ăn hơi nhỏ. Hy vọng nhà hàng sẽ cải thiện để phù hợp hơn cho khách đặt giao.'),
    (9, 57, 4, 169, 'Món ăn ngon nhưng giá cả có phần hơi cao so với dịch vụ giao hàng. Tuy nhiên, chất lượng món rất tốt.'),
    (10, 57, 4, 170, 'Món ăn được giao nhanh, giữ nhiệt tốt và hương vị rất ngon. Tôi rất hài lòng với lần đặt hàng này.'),
    (1, 57, 4, 171, 'Hương vị món ăn ổn định, phù hợp với dịch vụ giao hàng. Tôi cảm thấy hài lòng với trải nghiệm này.'),
    (2, 58, 5, 172, 'Món ăn ngon và giá cả hợp lý. Giao hàng nhanh chóng, đóng gói đẹp mắt. Tôi rất hài lòng.'),
    (3, 58, 4, 173, 'Món ăn ngon nhưng khâu giao hàng cần cải thiện thêm để khách hàng có trải nghiệm tốt hơn.'),
    (4, 58, 4, 174, 'Món ăn ngon nhưng khâu giao hàng cần cải thiện thêm để khách hàng có trải nghiệm tốt hơn.'),
    (5, 59, 4, 175, 'Hương vị món ăn tốt và giá cả hợp lý. Bao bì cần được cải thiện để giữ nhiệt tốt hơn.'),
    (6, 59, 5, 176, 'Món ăn rất ngon và giao hàng nhanh chóng. Phục vụ chu đáo và tận tình. Rất đáng để thử.'),
    (7, 59, 4, 177, 'Phần ăn ngon nhưng hơi ít. Thời gian giao hàng đúng giờ. Hy vọng nhà hàng cải thiện khẩu phần.'),
    (8, 60, 4, 178, 'Món ăn giao đến còn nóng, hương vị ổn nhưng giá hơi cao. Cần cải thiện thêm về khẩu phần ăn.'),
    (9, 60, 4, 179, 'Hương vị món ăn rất ngon, giao hàng đúng giờ. Tôi sẽ đặt thêm để thử các món khác.'),
    (10, 60, 4, 180, 'Phục vụ giao hàng tốt, món ăn được đóng gói kỹ lưỡng. Hương vị ngon và phù hợp với giá tiền.'),
    (1, 61, 5, 181, 'Món ăn ngon, giá cả hợp lý. Giao hàng nhanh và bao bì đảm bảo. Tôi sẽ tiếp tục đặt hàng.'),
    (2, 61, 4, 182, 'Món ăn ngon nhưng thời gian giao hàng hơi lâu hơn dự kiến. Bao bì cần giữ nhiệt tốt hơn.'),
    (3, 61, 5, 183, 'Hương vị rất ngon, món ăn được giao đúng giờ và còn nóng. Tôi rất hài lòng.'),
    (4, 62, 4, 184, 'Món ăn ngon và giá cả hợp lý. Thời gian giao hàng hơi lâu. Hy vọng sẽ được cải thiện.'),
    (5, 62, 5, 185, 'Hương vị tuyệt vời và phục vụ giao hàng rất nhanh. Tôi chắc chắn sẽ đặt lại lần nữa.'),
    (6, 62, 4, 186, 'Món ăn ngon nhưng phần ăn hơi ít. Giao hàng đúng giờ nhưng cần cải thiện bao bì đóng gói.'),
   (7, 63, 4, 187, 'Món ăn có hương vị khá ngon nhưng cảm giác giá thành hơi cao so với chất lượng khi đặt về nhà.'),
    (8, 63, 4, 188, 'Món ăn giao đến đúng giờ, hương vị vừa miệng, rất đáng để thử lại.'),
    (9, 63, 5, 189, 'Rất ngon, món ăn được đóng gói cẩn thận. Sẽ tiếp tục ủng hộ.'),
    (10, 64, 4, 190, 'Hương vị ổn định, tuy nhiên cần cải thiện gia vị để phù hợp hơn với khẩu vị đặt về.'),
    (1, 64, 5, 191, 'Thực sự tuyệt vời, đáng thử nếu bạn đặt về nhà để thưởng thức.'),
    (2, 64, 4, 192, 'Món ăn ngon nhưng hơi mặn. Đóng gói vẫn đảm bảo nhiệt độ khi đến nơi.'),
    (3, 65, 5, 193, 'Hài lòng với chất lượng món ăn và giao hàng nhanh chóng.'),
    (4, 65, 4, 194, 'Món ăn ngon nhưng cảm giác giá thành hơi cao khi đặt qua app.'),
    (5, 65, 4, 195, 'Bình thường, không có gì đặc biệt so với mong đợi khi đặt qua app.'),
    (6, 66, 4, 196, 'Món ăn giữ được hương vị ngon nhưng cần giữ nóng lâu hơn trong quá trình giao.'),
    (7, 66, 4, 197, 'Hương vị món ăn rất ổn, phù hợp với giá tiền khi đặt qua app.'),
    (8, 66, 5, 198, 'Rất ngon, đóng gói cẩn thận và giao hàng nhanh chóng.'),
    (9, 67, 4, 199, 'Món ăn khá ngon nhưng giá thành hơi cao khi đặt về nhà.'),
    (10, 67, 5, 200, 'Trình bày đẹp, hương vị món ăn thực sự ấn tượng dù đặt giao hàng.'),
    (1, 67, 4, 201, 'Hương vị tốt, phần ăn phù hợp với giá tiền. Rất hài lòng khi đặt qua app.'),
    (2, 68, 4, 202, 'Món ăn ngon nhưng cảm giác hơi mặn một chút. Hy vọng có sự cải thiện ở lần tới.'),
    (3, 68, 5, 203, 'Món ăn được đóng gói cẩn thận, hương vị rất ấn tượng. Tôi sẽ đặt lại.'),
    (4, 68, 4, 204, 'Rất ngon, giao hàng đúng giờ và món ăn vẫn giữ được nhiệt.'),
    (5, 69, 4, 205, 'Món ăn giữ được hương vị ổn nhưng không đặc sắc. Đáng để thử một lần.'),
    (6, 69, 5, 206, 'Món ăn tuyệt vời, từ hương vị đến cách đóng gói đều rất chỉnh chu. Không có gì để chê.'),
    (7, 69, 4, 207, 'Món ăn ngon nhưng giá thành hơi đắt so với những lần đặt trước.'),
    (8, 70, 4, 208, 'Hương vị tinh tế, phù hợp với khẩu vị gia đình. Tôi sẽ thử thêm các món khác.'),
    (9, 70, 4, 209, 'Món ăn được giao đúng giờ, hương vị rất ngon, phù hợp cho những ngày bận rộn.'),
    (10, 70, 5, 210, 'Hương vị món ăn thật sự tuyệt vời, phần ăn nóng hổi khi đến nơi. Tôi sẽ đặt lại lần nữa.'),
    (1, 71, 4, 211, 'Món ăn rất ngon nhưng khẩu phần hơi ít, không đủ no cho một bữa ăn.'),
    (2, 71, 4, 212, 'Hương vị món ăn khá tuyệt, giao hàng nhanh chóng. Tôi rất hài lòng với chất lượng.'),
    (3, 71, 4, 213, 'Ngon và hợp khẩu vị nhưng giá cả có chút cao so với kỳ vọng.'),
    (4, 72, 5, 214, 'Món ăn được đóng gói cẩn thận, hương vị tuyệt vời. Tôi chắc chắn sẽ đặt hàng thêm lần nữa.'),
    (5, 72, 4, 215, 'Hương vị món ăn ổn định, giao hàng đúng giờ. Phục vụ tận tình.'),
    (6, 72, 4, 216, 'Món ăn ngon, giá cả hợp lý và thời gian giao hàng rất nhanh chóng.'),
    (7, 73, 4, 217, 'Món ăn ngon nhưng thời gian giao hàng hơi lâu. Hy vọng sẽ cải thiện hơn trong lần sau.'),
    (8, 73, 5, 218, 'Hương vị món ăn rất ngon, trình bày đẹp và giao hàng rất đúng giờ. Tôi rất hài lòng.'),
    (9, 73, 4, 219, 'Món ăn khá ổn, giá hợp lý và thời gian giao hàng chấp nhận được.'),
    (10, 74, 5, 220, 'Tôi rất hài lòng với chất lượng món ăn, hương vị rất ngon và được giao rất đúng giờ.'),
    (1, 74, 4, 221, 'Món ăn ngon nhưng khẩu phần hơi ít. Hy vọng sẽ được cải thiện trong tương lai.'),
    (2, 74, 5, 222, 'Hương vị món ăn tuyệt vời, xứng đáng để đặt thêm lần nữa. Đóng gói cẩn thận, giao nhanh.'),
    (3, 75, 4, 223, 'Món ăn ngon và phù hợp khẩu vị nhưng giá hơi cao. Giao hàng đúng giờ.'),
    (4, 75, 4, 224, 'Món ăn nóng hổi, giao hàng nhanh. Tôi rất hài lòng và sẽ đặt thêm lần nữa.'),
    (5, 75, 4, 225, 'Hương vị ổn, phục vụ tốt. Tuy nhiên, phần ăn có thể được cải thiện để phong phú hơn.'),
    (6, 76, 5, 226, 'Món ăn ngon, giá hợp lý và được giao đúng giờ. Tôi sẽ tiếp tục ủng hộ.'),
    (7, 76, 4, 227, 'Hương vị món ăn rất ngon nhưng phục vụ giao hàng cần cải thiện thêm.'),
    (8, 76, 5, 228, 'Món ăn ngon và được đóng gói kỹ lưỡng. Rất hài lòng với dịch vụ giao hàng.'),
    (9, 77, 4, 229, 'Hương vị món ăn ổn, giá hợp lý và thời gian giao hàng phù hợp. Tôi sẽ đặt thêm.'),
    (10, 77, 5, 230, 'Món ăn tuyệt vời, giao hàng nhanh chóng và đóng gói sạch sẽ. Tôi rất hài lòng.'),
    (1, 77, 4, 231, 'Món ăn ngon nhưng phần ăn hơi ít so với giá tiền. Dịch vụ giao hàng rất tốt.'),
    (2, 78, 4, 232, 'Hương vị món ăn khá tuyệt, giao hàng nhanh. Tôi cảm thấy hài lòng với chất lượng.'),
    (3, 78, 4, 233, 'Món ăn ngon và phù hợp khẩu vị nhưng giá cả có chút cao. Giao hàng đúng giờ.'),
    (4, 78, 5, 234, 'Món ăn rất ngon, tôi rất thích. Giao hàng nhanh và đóng gói rất chỉnh chu.'),
    (5, 79, 4, 235, 'Hương vị món ăn ổn định, giao hàng nhanh chóng. Phục vụ tận tình.'),
    (6, 79, 4, 236, 'Món ăn ngon, giá hợp lý. Thời gian giao hàng nhanh chóng. Tôi sẽ đặt thêm lần nữa.'),
    (7, 79, 4, 237, 'Món ăn ngon, giá hợp lý. Thời gian giao hàng nhanh chóng. Tôi sẽ đặt thêm lần nữa.'),
    (8, 80, 4, 238, 'Món ăn ngon nhưng giao hàng hơi chậm. Hy vọng lần sau sẽ được cải thiện.'),
    (9, 80, 5, 239, 'Hương vị món ăn rất ngon, trình bày đẹp mắt và giao hàng nhanh chóng.'),
    (10, 80, 5, 240, 'Hương vị món ăn rất ngon, trình bày đẹp mắt và giao hàng nhanh chóng.'),
    (1, 81, 4, 241, 'Hương vị món ăn tốt, giá hợp lý. Thời gian giao hàng phù hợp. Tôi sẽ quay lại đặt thêm.'),
    (2, 81, 5, 242, 'Món ăn thực sự tuyệt vời, hương vị ngon và giao hàng đúng giờ. Tôi rất hài lòng.'),
    (3, 81, 4, 243, 'Món ăn giao tới nhanh, hương vị ngon nhưng phần ăn hơi ít so với kỳ vọng. Hy vọng lần tới sẽ được cải thiện.'),
    (4, 82, 4, 244, 'Hương vị tuyệt vời, giao hàng nhanh chóng, rất đáng để thử cho bữa ăn gia đình.'),
    (5, 82, 4, 245, 'Ngon và hấp dẫn, tuy nhiên giá cả hơi cao so với mức thông thường. Dịch vụ giao hàng tốt.'),
    (6, 82, 5, 246, 'Món ăn thực sự rất ngon, giao hàng đúng giờ. Chắc chắn tôi sẽ tiếp tục đặt lần sau.'),
    (7, 83, 4, 247, 'Món ăn giao tới nhanh, hương vị vừa miệng và phù hợp cho một bữa ăn nhẹ nhàng tại nhà.'),
    (8, 83, 5, 248, 'Rất ngon, giao hàng chuyên nghiệp. Tôi rất hài lòng và sẽ đặt thêm lần nữa.'),
    (9, 83, 4, 249, 'Ổn nhưng không đặc sắc lắm. Giao hàng đúng giờ nhưng cần cải thiện chất lượng món ăn.'),
    (10, 84, 4, 250, 'Hương vị ổn, cần cải thiện gia vị thêm để phù hợp hơn với khẩu vị đa dạng. Dịch vụ giao hàng nhanh.'),
    (1, 84, 5, 251, 'Tuyệt vời, món ăn ngon và giao hàng nhanh chóng. Tôi rất thích dịch vụ của nhà hàng.'),
    (2, 84, 4, 252, 'Ngon nhưng hơi mặn một chút. Giao hàng ổn, nhiệt độ món ăn được giữ tốt.'),
    (3, 85, 5, 253, 'Hài lòng với món ăn và dịch vụ giao hàng. Món ăn rất ngon, đậm đà và hấp dẫn.'),
    (4, 85, 4, 254, 'Ngon nhưng giá hơi cao. Dịch vụ giao hàng nhanh chóng và nhân viên thân thiện.'),
    (5, 85, 4, 255, 'Bình thường, không có gì đặc biệt nhưng vẫn phù hợp để dùng cho bữa ăn nhanh tại nhà.'),
    (6, 86, 4, 256, 'Món ăn ngon nhưng cần giữ nóng lâu hơn. Dịch vụ giao hàng nhiệt tình và đúng giờ.'),
    (7, 86, 4, 257, 'Hương vị tốt, đáng giá tiền. Giao hàng đảm bảo nhiệt độ món ăn, tôi sẽ đặt lại lần nữa.'),
    (8, 86, 5, 258, 'Rất ngon, món ăn được trình bày đẹp mắt dù giao hàng. Tôi rất hài lòng.'),
    (9, 87, 4, 259, 'Ngon nhưng giá hơi cao. Dịch vụ giao hàng chuyên nghiệp và nhanh chóng.'),
    (10, 87, 5, 260, 'Trình bày đẹp, món ăn rất ngon và được giao hàng đúng giờ. Tôi rất hài lòng với dịch vụ.'),
    (1, 87, 4, 261, 'Hương vị tốt, phù hợp với giá tiền. Giao hàng nhanh nhưng cần cải thiện phần ăn để hấp dẫn hơn.'),
    (2, 88, 4, 262, 'Ngon nhưng hơi mặn một chút. Giao hàng đảm bảo nhiệt độ món ăn tốt.'),
    (3, 88, 5, 263, 'Trình bày đẹp, hương vị ấn tượng. Giao hàng rất nhanh và nhân viên thân thiện.'),
    (4, 88, 4, 264, 'Rất ngon, xứng đáng điểm cao. Giao hàng đúng giờ và nhiệt tình.'),
    (5, 89, 4, 265, 'Hương vị ổn nhưng không đặc sắc. Dịch vụ giao hàng nhanh và chuyên nghiệp.'),
    (6, 89, 5, 266, 'Món ăn tuyệt vời, không có gì để chê. Giao hàng đảm bảo và nhân viên nhiệt tình.'),
    (7, 89, 4, 267, 'Ngon, nhưng giá hơi đắt. Giao hàng rất tốt và đảm bảo nhiệt độ món ăn.'),
    (8, 90, 4, 268, 'Hương vị rất tinh tế, nên thử. Dịch vụ giao hàng nhanh và đáng tin cậy.'),
    (9, 90, 4, 269, 'Món ăn ngon, rất hài lòng. Giao hàng đúng giờ và nhiệt độ món ăn được giữ tốt.'),
    (10, 90, 5, 270, 'Hương vị tuyệt vời, sẽ đặt lại. Giao hàng đảm bảo, món ăn rất nóng và ngon.'),
    (1, 91, 4, 271, 'Món ăn ngon nhưng hơi ít. Dịch vụ giao hàng ổn định, nhân viên nhiệt tình.'),
    (2, 91, 4, 272, 'Hương vị tuyệt vời, rất đáng thử. Giao hàng nhanh và đảm bảo chất lượng.'),
   (3, 91, 4, 273, 'Món ăn khá ngon, nhưng cảm giác giá cả hơi cao so với mức kỳ vọng khi đặt giao tận nhà.'),
    (4, 92, 5, 274, 'Món ăn rất ngon, giao hàng nhanh chóng và đúng giờ. Chắc chắn tôi sẽ đặt lại.'),
    (5, 92, 4, 275, 'Hương vị món ăn ổn định, giao hàng khá nhanh, nhưng phần nước chấm hơi ít.'),
    (6, 92, 4, 276, 'Món ăn ngon và giá cả hợp lý. Tôi hài lòng với lần đặt hàng này.'),
    (7, 93, 4, 277, 'Món ăn ngon nhưng thời gian giao hàng hơi lâu. Hy vọng nhà hàng cải thiện điều này.'),
    (8, 93, 5, 278, 'Món ăn rất ngon, trình bày gọn gàng khi giao hàng. Chất lượng dịch vụ rất tốt.'),
    (9, 93, 4, 279, 'Hương vị món ăn rất tốt, giá cả hợp lý, nhưng cần cải thiện về tốc độ giao hàng.'),
    (10, 94, 5, 280, 'Món ăn tuyệt vời với hương vị đặc sắc, giao hàng nhanh chóng và thái độ nhân viên rất tốt.'),
    (1, 94, 4, 281, 'Món ăn ngon nhưng phần ăn hơi ít so với kỳ vọng khi đặt giao hàng. Hy vọng sẽ có sự cải thiện.'),
    (2, 94, 5, 282, 'Hương vị món ăn rất tuyệt vời, giao hàng đúng giờ và chất lượng không đổi. Đáng để đặt lại.'),
    (3, 95, 4, 283, 'Món ăn có chất lượng khá tốt, nhưng giá cả hơi cao so với mặt bằng chung. Giao hàng đúng giờ.'),
    (4, 95, 4, 284, 'Món ăn ngon và phần ăn đầy đủ, giao hàng khá nhanh. Tôi sẽ tiếp tục ủng hộ.'),
    (5, 95, 4, 285, 'Hương vị món ăn ổn định, phục vụ chu đáo và giao hàng nhanh chóng. Tôi cảm thấy hài lòng.'),
    (6, 96, 5, 286, 'Món ăn ngon và giá hợp lý, giao hàng rất nhanh. Tôi sẽ tiếp tục đặt hàng ở đây.'),
    (7, 96, 4, 287, 'Món ăn ngon nhưng cần cải thiện tốc độ giao hàng để nâng cao trải nghiệm khách hàng.'),
    (8, 96, 5, 288, 'Món ăn rất ngon, trình bày gọn gàng khi giao. Chất lượng dịch vụ tuyệt vời.'),
    (9, 97, 4, 289, 'Hương vị món ăn tốt, giá cả hợp lý, nhưng cần chú ý hơn về nhiệt độ món khi giao đến.'),
    (10, 97, 5, 290, 'Món ăn tuyệt vời, giao hàng nhanh chóng và đóng gói rất chuyên nghiệp. Tôi rất hài lòng.'),
    (1, 97, 4, 291, 'Món ăn ngon nhưng phần ăn hơi ít, hy vọng lần sau sẽ có sự cải thiện.'),
    (2, 98, 4, 292, 'Hương vị món ăn rất đáng thử, giao hàng nhanh chóng và dịch vụ tốt. Tôi sẽ đặt lại.'),
    (3, 98, 4, 293, 'Món ăn ngon và hấp dẫn nhưng giá cả có phần hơi cao. Giao hàng đúng giờ.'),
    (4, 98, 5, 294, 'Món ăn rất ngon, phù hợp với khẩu vị của tôi. Dịch vụ giao hàng cũng rất tốt.'),
    (5, 99, 4, 295, 'Hương vị món ăn ổn định, giao hàng nhanh và thái độ nhân viên nhiệt tình. Tôi khá hài lòng.'),
    (6, 99, 4, 296, 'Món ăn ngon, giá hợp lý và giao hàng đúng giờ. Tôi sẽ tiếp tục ủng hộ.'),
    (7, 99, 4, 297, 'Món ăn ngon, giá hợp lý và giao hàng đúng giờ. Tôi sẽ tiếp tục ủng hộ.'),
    (8, 100, 4, 298, 'Món ăn ngon nhưng thời gian giao hàng hơi chậm. Hy vọng sẽ cải thiện trong tương lai.'),
    (9, 100, 5, 299, 'Món ăn rất ngon, trình bày đẹp mắt và giao hàng nhanh chóng. Tôi rất hài lòng.'),
    (10, 100, 5, 300, 'Món ăn rất ngon, trình bày đẹp mắt và giao hàng nhanh chóng. Tôi rất hài lòng.'),
    (1, 101, 4, 301, 'Hương vị món ăn tốt, giá cả hợp lý, nhưng cần giữ nhiệt độ tốt hơn khi giao hàng.'),
    (2, 101, 5, 302, 'Món ăn tuyệt vời với cách đóng gói đẹp mắt, giao hàng đúng giờ. Tôi rất hài lòng với trải nghiệm này.'),
    (3, 101, 4, 303, 'Món ăn ngon nhưng khẩu phần hơi ít so với kỳ vọng khi đặt giao về nhà. Tuy nhiên, hương vị rất vừa miệng.'),
    (4, 102, 4, 304, 'Hương vị của món ăn thật tuyệt vời, tuy nhiên cần giữ nóng tốt hơn khi giao hàng.'),
    (5, 102, 4, 305, 'Món ăn ngon, nhưng giá có vẻ hơi cao khi đặt mang về. Hy vọng có thêm ưu đãi.'),
    (6, 102, 5, 306, 'Món ăn được giao nhanh chóng, hương vị thơm ngon, chắc chắn sẽ đặt lại lần sau.'),
    (7, 103, 4, 307, 'Món ăn ngon, vừa miệng, tuy nhiên khi giao về không còn nóng như mong muốn.'),
    (8, 103, 5, 308, 'Rất ngon, giao hàng nhanh chóng. Tôi chắc chắn sẽ đặt lại.'),
    (9, 103, 4, 309, 'Hương vị ổn, nhưng cần cải thiện cách đóng gói để giữ nhiệt tốt hơn.'),
    (10, 104, 4, 310, 'Hương vị món ăn khá ngon, nhưng cần cân nhắc cải thiện phần gia vị để vừa miệng hơn khi ăn tại nhà.'),
    (1, 104, 5, 311, 'Tuyệt vời, giao hàng đúng giờ, món ăn giữ được hương vị và độ tươi ngon.'),
    (2, 104, 4, 312, 'Món ăn ngon, tuy nhiên hơi mặn hơn so với khẩu vị thường ngày.'),
    (3, 105, 5, 313, 'Hài lòng với chất lượng món ăn, hương vị rất ngon và đóng gói cẩn thận khi giao hàng.'),
    (4, 105, 4, 314, 'Ngon nhưng giá có vẻ hơi cao so với chất lượng. Hy vọng có thêm các combo khuyến mãi.'),
    (5, 105, 4, 315, 'Bình thường, không có gì nổi bật. Đóng gói giao hàng có thể làm tốt hơn.'),
    (6, 106, 4, 316, 'Món ăn ngon nhưng cần giữ nóng lâu hơn khi giao hàng để khách hàng trải nghiệm tốt hơn.'),
    (7, 106, 4, 317, 'Hương vị tốt, phù hợp với giá cả. Dịch vụ giao hàng cũng rất nhanh.'),
    (8, 106, 5, 318, 'Rất ngon, trình bày đẹp và giao hàng đúng giờ. Tôi sẽ tiếp tục ủng hộ.'),
    (9, 107, 4, 319, 'Ngon nhưng giá hơi cao so với các món cùng loại khi đặt online. Hy vọng nhà hàng điều chỉnh giá hợp lý hơn.'),
    (10, 107, 5, 320, 'Món ăn được đóng gói đẹp mắt, hương vị rất ngon và giao hàng nhanh chóng.'),
    (1, 107, 4, 321, 'Hương vị tốt, phù hợp với giá tiền, nhưng cần cải thiện về độ nóng khi giao đến.'),
    (2, 108, 4, 322, 'Món ăn ngon nhưng hơi mặn một chút. Dịch vụ giao hàng tốt, nhân viên thân thiện.'),
    (3, 108, 5, 323, 'Trình bày đẹp mắt, hương vị ấn tượng. Tôi cảm thấy hài lòng với dịch vụ giao hàng.'),
    (4, 108, 4, 324, 'Rất ngon, hương vị đặc biệt. Hy vọng nhà hàng tiếp tục giữ vững chất lượng.'),
    (5, 109, 4, 325, 'Hương vị ổn, nhưng phần ăn hơi nhỏ. Cần cải thiện thêm về cách đóng gói để giữ nhiệt.'),
    (6, 109, 5, 326, 'Món ăn tuyệt vời, không có gì để chê. Giao hàng nhanh và phục vụ chu đáo.'),
    (7, 109, 4, 327, 'Món ăn ngon, nhưng giá hơi đắt so với kỳ vọng. Hy vọng có thêm chương trình ưu đãi.'),
    (8, 110, 4, 328, 'Hương vị tinh tế, nên thử một lần. Giao hàng nhanh và đóng gói cẩn thận.'),
    (9, 110, 4, 329, 'Món ăn ngon, rất hài lòng với chất lượng món và cách phục vụ khi đặt mang về.'),
    (10, 110, 5, 330, 'Hương vị tuyệt vời, dịch vụ giao hàng rất nhanh. Tôi rất ấn tượng với món này.'),
    (1, 111, 4, 331, 'Món ăn ngon nhưng phần ăn hơi nhỏ, phù hợp hơn cho những người ăn ít.'),
    (2, 111, 4, 332, 'Hương vị món ăn tuyệt vời, thực phẩm vẫn giữ được độ tươi ngon khi giao tới.'),
    (3, 111, 4, 333, 'Món ăn khá ngon nhưng giá cả hơi cao so với kỳ vọng khi đặt qua ứng dụng.'),
    (4, 112, 5, 334, 'Món ăn được đóng gói cẩn thận, hương vị đậm đà và rất ngon, sẽ đặt lại lần sau.'),
    (5, 112, 4, 335, 'Hương vị món ăn ổn định, giao hàng nhanh, nhưng phần sốt hơi ít.'),
    (6, 112, 4, 336, 'Món ăn ngon, giá cả hợp lý, phù hợp với dịch vụ giao hàng tận nơi.'),
    (7, 113, 4, 337, 'Món ăn giao đến nhanh nhưng cần cải thiện thêm về bao bì để giữ độ nóng lâu hơn.'),
    (8, 113, 5, 338, 'Món ăn được trình bày đẹp mắt, hương vị tuyệt vời dù là giao hàng tận nơi.'),
    (9, 113, 4, 339, 'Hương vị món ăn tốt, mức giá hợp lý. Tuy nhiên, cần bổ sung thêm phần rau để cân bằng dinh dưỡng.');

    
-- Nhập dữ liệu vào bảng Favorite_dish
INSERT INTO Favorite_dish (user_id, dish_id, is_favorite)
VALUES
    (1, 1, TRUE),
    (1, 2, TRUE),
    (1, 8, TRUE),
    (1, 10, TRUE),
    (1, 15, TRUE),
    (1, 27, TRUE),
    (1, 31, TRUE),
    (1, 42, TRUE),
    (1, 50, TRUE),
    (1, 55, TRUE),
    (1, 62, TRUE),
    (1, 74, TRUE),
    (1, 86, TRUE),
    (1, 110, TRUE),
    (1, 113, TRUE),
    (2, 3, TRUE),
    (2, 4, TRUE),
    (3, 5, TRUE),
    (3, 6, TRUE),
    (4, 7, TRUE),
    (4, 8, TRUE),
    (5, 9, TRUE),
    (5, 10, TRUE),
    (6, 1, TRUE),
    (6, 3, TRUE),
    (7, 4, TRUE),
    (7, 5, TRUE),
    (8, 6, TRUE),
    (8, 7, TRUE),
    (9, 8, TRUE),
    (9, 9, TRUE),
    (10, 10, TRUE),
    (10, 1, TRUE);
