-- Nhập dữ liệu vào bảng Restaurants
INSERT INTO Restaurants (id, res_name, res_address, distance)
VALUES
    (1, 'Bò tơ Quán Mộc', '02 P. Hoa Lư, Lê Đại Hành, Hai Bà Trưng, Hà Nội', 1.20),
    (2, 'Tokyo Tan-Tan Ramen', '148B P. Bùi Thị Xuân, Bùi Thị Xuân, Hai Bà Trưng, Hà Nội, Việt Nam', 1.80),
    (3, 'Pizza 4P', 'Lầu 1, Toà nhà Keangnam Hanoi Landmark 72, Mễ Trì, Nam Từ Liêm, Hà Nội', 0.50),
    (4, 'Hanuri', '34 P. Đại La, Trương Định, Hai Bà Trưng, Hà Nội 11600, Việt Nam', 1.50),
    (5, 'Bánh Cuốn Đức Hạnh', 'B9 Ng. 43 P. Phạm Ngọc Thạch, Khu tập thể Kim Liên, Hoàn Kiếm, Hà Nội, Việt Nam', 2.00),
    (6, 'Cháo Sườn Bà Táo', '24 P. Hoa Lư, Lê Đại Hành, Hai Bà Trưng, Hà Nội, Việt Nam', 1.10),
    (7, 'Mì cay Seoul', '91 P. Trần Đại Nghĩa, Bách Khoa, Hai Bà Trưng, Hà Nội, Việt Nam', 0.80),
    (8, 'Gojumong', 'Tầng 1, Keangnam Landmark 72, Hà Nội', 0.40),
    (9, 'Nam Phương', '111E5 Tạ Quang Bửu', 0.70),
    (10, 'Bún Ngon Atom', '37 Tạ Quang Bửu', 0.65),
    (11, 'Tuấn Mai', '78 Tạ Quang Bửu', 0.60),
    (12, 'Singapore Chicken Rice', 'Tầng B1, Landmark 72', 0.30),
    (13, 'Okonomi', 'Tầng 2, Landmark 72', 0.35),
    (14, 'Xôi Minh Tâm', 'Gần Đại học Bách Khoa', 0.50),
    (15, 'Đậu Mơ', 'Ngõ 78 Đại La', 1.25),
    (16, 'Spicy Bowl', 'Tầng B1, Landmark 72', 0.40),
    (17, 'Cơm Việt', 'Tầng G, Landmark 72', 0.55),
    (18, 'Bún Chả Ngọc Anh', '44 Đại La', 1.30),
    (19, 'Bánh mì Phượng', '12 Tạ Quang Bửu', 0.60),
    (20, 'Bún đậu mắm tôm Thanh Hương', '82 Đại La', 1.10),
    (21, 'Phở Hà Nội', '25 Nguyễn Du, Hai Bà Trưng', 2.30),
    (22, 'Sushi Bar', '4 Ngọc Khánh, Ba Đình', 4.50),
    (23, 'Bánh xèo Ba Miền', '17 Cầu Giấy', 4.00),
    (24, 'Gà rán KFC', '86 Phố Huế, Hai Bà Trưng', 2.00),
    (25, 'Bánh cuốn Gia An', '42 Đại Cồ Việt', 1.50),
    (26, 'Mì ý La Dune', '4 Đặng Thái Thân', 2.40),
    (27, 'Bún đậu mắm tôm Mẹt', '30 Nguyễn Khang, Cầu Giấy', 4.20),
    (28, 'Bánh mì Kẹp', '16 Nguyễn Bỉnh Khiêm', 3.50),
    (29, 'Kyo Sushi', 'Tầng 2, Landmark 72', 0.40),
    (30, 'Cơm rang Kimchi', '35 Nguyễn Khuyến', 2.80),
    (31, 'Bún bò Huế Thịnh', '12 Phan Đình Giót', 3.00),
    (32, 'The Pizza Company', 'Tầng 1, Landmark 72', 0.30),
    (33, 'Noodle & Rice', '9 Đại Cồ Việt', 1.40),
    (34, 'Bún đậu Hương Béo', '56 Đình Thôn', 2.80),
    (35, 'La Pasta', '29 Nguyễn Lương Bằng', 3.50),
    (36, 'Bánh mì 36', '36 Tạ Quang Bửu', 0.75),
    (37, 'KFC (Hà Nội)', '92 Nguyễn Trãi', 4.50),
    (38, 'Viva Pizza', 'Tầng 2, Landmark 72', 0.35),
    (39, 'Bánh mì chảo Hoàng Mai', '12 Hoàng Mai', 2.00),
    (40, 'Bún chả Hương Liên', '24 Lê Văn Hưu', 1.60),
    (41, 'Kimbap Kimbap', '14 Nguyễn Trãi', 4.10),
    (42, 'Gà rán Lee', '24 Nguyễn Bỉnh Khiêm', 3.60),
    (43, 'Mì xào hải sản Hoàng Gia', '15 Kim Mã', 4.00),
    (44, 'Bánh mì 37', '37 Hàng Buồm', 4.50),
    (45, 'Salad ăn kiêng', '20 Tạ Quang Bửu', 0.85),
    (46, 'Cơm cuộn Hàn Quốc', '10 Hoàng Cầu', 3.80),
    (47, 'Bún chả cá Lã Vọng', '33 Đường Láng', 4.20),
    (48, 'Bánh xèo Bà Vui', '7 Đặng Tiến Đông', 3.60),
    (49, 'Mì gà xé phay', '20 Phan Huy Chú', 2.80),
    (50, 'Gỏi cuốn', '5 Bà Triệu', 1.50),
    (51, 'Mì Ý La Dune', '12 Trần Đại Nghĩa', 0.80),
    (52, 'Mì gà Đào Duy Từ', '20 Đào Duy Từ', 3.80),
    (53, 'Mì xào tôm thịt', '8 Hoàng Quốc Việt', 4.50),
    (54, 'Cơm rang dưa bò', '14 Nguyễn Khuyến', 2.70),
    (55, 'Cháo gà Hạnh', '10 Nguyễn Hữu Thọ', 3.00),
    (56, 'Phở trộn Hà Nội', '13 Trường Chinh', 2.20),
    (57, 'Bánh bao Hương Việt', '22 Nguyễn Thái Học', 4.00),
    (58, 'Bánh cuốn Thanh Vân', '13 Phố Huế', 1.70),
    (59, 'Phở Gà Lý Quốc Sư', '10 Lý Quốc Sư', 4.00),
    (60, 'Xôi chè Hòa Mã', '32 Hòa Mã', 1.90),
    (61, 'Bánh xèo Nhật Quang', '45 Cầu Giấy', 4.30),
    (62, 'Gà rán KFC', '18 Nguyễn Lương Bằng', 3.40),
    (63, 'Mì Nhật Sumo', '55 Lê Thanh Nghị', 1.10),
    (64, 'Bánh mì Phố Cổ', '24 Lương Văn Can', 4.50),
    (65, 'Cơm Tấm Sài Gòn', '14 Trường Chinh', 2.50),
    (66, 'Mì Vịt Tiềm', '10 Tô Hiệu', 4.20),
    (67, 'Bánh cuốn Thanh Sơn', '7 Phan Đình Phùng', 4.80),
    (68, 'Bún đậu mắm tôm', '15 Lê Đức Thọ', 2.90),
    (69, 'Bánh mì 15 phút', '21 Phố Huế', 1.40),
    (70, 'Mì xào bò', '28 Láng Hạ', 4.00),
    (71, 'Cơm gà Hồng Kông', '17 Nguyễn Chí Thanh', 4.00),
    (72, 'Bún bò Huế', '26 Phan Đình Phùng', 4.70),
    (73, 'Bánh cuốn chả mực', '12 Phố Huế', 1.60),
    (74, 'Mì hoành thánh', '18 Thái Thịnh', 3.70),
    (75, 'Cháo ếch', '25 Cầu Giấy', 4.20),
    (76, 'Bánh tráng cuốn thịt', '5 Nguyễn Cơ Thạch', 3.50),
    (77, 'Phở Hòa', '1 Nguyễn Văn Cừ', 3.80),
    (78, 'Cơm Trộn Sài Gòn', '16 Xã Đàn', 2.30),
    (79, 'Mì Xào Đài Loan', '22 Phạm Hùng', 2.10),
    (80, 'Bánh Bao Minh Đức', '8 Phương Mai', 1.70),
    (81, 'Cơm Gà Xối Mỡ', '10 Lê Thanh Nghị', 1.00),
    (82, 'Bún Chả Hồ Tây', '39 Hàng Than', 4.50);

-- Nhập dữ liệu vào bảng Category
INSERT INTO Category (id, category)
VALUES
    (1, 'Món cơm'),
    (2, 'Món mì, phở, bún'),
    (3, 'Món xôi, bánh bao, cháo'),
    (4, 'Món salad và cuốn'),
    (5, 'Món ăn nhanh'),
    (6, 'Món Nhật'),
    (7, 'Đồ khô: bánh mì'),
    (8, 'Món Hàn');

-- Nhập dữ liệu vào bảng Dishes
INSERT INTO Dishes (id, dish_name, price, average_rating, calories, img_url, category_id, restaurant_id)
VALUES
    (1, 'Bò tơ cuốn bánh tráng', 175, 4.7, 250, 'https://i.pinimg.com/736x/aa/09/fd/aa09fd603a16196e86e3470a60584c08.jpg', 4, 1),
    (2, 'Tan Tan Ramen', 129, 4.4, 550, 'https://i.pinimg.com/736x/31/d4/dd/31d4dd8e32cb9f80999ffc5df376b86c.jpg', 6, 1),
    (3, 'Toku TanTan Ramen', 169, 4.4, 650, 'https://i.pinimg.com/736x/05/45/80/05458036394edf41c89fafdb83a9a1f9.jpg', 6, 1),
    (4, 'Miso Ramen', 119, 4.4, 500, 'https://i.pinimg.com/736x/03/46/10/034610fefbb7c4e3dbfe6f0bc35df29a.jpg', 6, 1),
    (5, 'Yakisoba', 89, 4.4, 350, 'https://i.pinimg.com/736x/db/dd/e3/dbdde3498518c11af035d374807eca41.jpg', 6, 1),
    (6, 'Sashimi cá hồi', 179, 4.4, 125, 'https://i.pinimg.com/736x/06/52/1d/06521d80880512d8b8d7806879ef8164.jpg', 6, 1),
    (7, 'Cơm cuộn phủ bơ', 129, 4.4, 300, 'https://hocnauan.edu.vn/wp-content/uploads/2015/06/sushi-cuon-bo-tuoi.jpg', 6, 1),
    (8, 'Cơm cuộn mix', 139, 4.4, 350, 'https://i.pinimg.com/736x/f8/2f/80/f82f807b33a1dc41fd018fca69cd7a73.jpg', 6, 1),
    (9, 'Cơm lươn', 229, 4.4, 400, 'https://i.pinimg.com/736x/73/21/80/7321805cd1966e41cc3094edd260be0f.jpg', 6, 1),
    (10, 'Gà chiên kiểu Nhật', 109, 4.4, 450, 'https://i.pinimg.com/736x/e2/92/44/e2924439ffd432d1edb9d2ec0467f381.jpg', 6, 1),
    (11, 'Takoyaki', 69, 4.4, 175, 'https://i.pinimg.com/736x/66/3b/e7/663be70dcbded36d616b3f726b2683a4.jpg', 6, 1),
    (12, 'Pizza 4 loại phô mai', 240, 4.6, 1050, 'https://i.pinimg.com/736x/99/ba/ee/99baeeb80d66f03a3389864d7256ec6f.jpg', 5, 2),
    (13, 'Pizza 4P Margherita', 150, 4.6, 900, 'https://i.pinimg.com/736x/0e/b5/46/0eb54663f950783eb3e9a76974bbc60a.jpg', 5, 2),
    (14, 'Pizza bí ngòi sốt Quế Tây', 145, 4.5, 800, 'https://i.pinimg.com/736x/0b/11/0f/0b110feaf7638826e55be817331f362e.jpg', 5, 2),
    (15, 'Mì Ý sốt kem với cua và sốt cà chua', 225, 4.6, 700, 'https://th.bing.com/th/id/OIP.PJGnr4DKCNoiu-n5Y-4lUAAAAA?rs=1&pid=ImgDetMain', 2, 2),
    (16, 'Salad tôm và bơ', 115, 4.6, 300, 'https://i.pinimg.com/736x/e5/1d/5a/e51d5a35fd4554d8b1df597f58e876ef.jpg', 4, 1),
    (17, 'Tokbokki', 35, 4.6, 350, 'https://i.pinimg.com/736x/69/f9/f6/69f9f67649f501a7bca9ea464b74e772.jpg', 8, 2),
    (18, 'Kimbap truyền thống', 50, 4.6, 275, 'https://i.pinimg.com/736x/24/b8/d7/24b8d7a3bbcac08a79dd2b0cc9cd1bc5.jpg', 8, 2),
    (19, 'Mì tương đen', 80, 4.6, 450, 'https://i.pinimg.com/736x/ea/47/54/ea4754fef56c6b043e8c4add03589f8b.jpg', 8, 2),
    (20, 'Miến lạnh', 90, 4.6, 250, 'https://i.pinimg.com/736x/d1/bc/5e/d1bc5ea83fee4a0eed0e2b8ff3618808.jpg', 2, 2),
    (21, 'Canh kim chi', 65, 4.6, 75, 'https://i.pinimg.com/736x/bd/e9/7a/bde97a7441f5d34f3e33ee5b5e111da1.jpg', 8, 2),
    (22, 'Cơm trộn', 80, 4.6, 450, 'https://i.pinimg.com/736x/c5/9f/ef/c59feff1ee1dd19b04e60eefc55043c9.jpg', 1, 2),
    (23, 'Bánh xèo hải sản Okonomi', 150, 4.6, 350, 'https://i.pinimg.com/736x/cf/7f/4f/cf7f4f4263252b29ca8c1f5b52592970.jpg', 6, 2),
    (24, 'Bánh cuốn chả lẫn', 40, 4.7, 225, 'https://c1.staticflickr.com/5/4004/4204672923_83782d78f1_b.jpg', 4, 3),
    (25, 'Bánh cuốn chả nướng', 35, 4.7, 275, 'https://i.pinimg.com/736x/f5/11/e6/f511e6ffef198c0b41db1cc7440d346c.jpg', 4, 3),
    (26, 'Bánh cuốn chả quế', 25, 4.7, 275, 'https://i.pinimg.com/736x/c5/10/81/c510819cd449293cedb2843e19fa0c04.jpg', 4, 3),
    (27, 'Bánh cuốn trứng', 10, 4.7, 275, 'https://i.pinimg.com/736x/86/57/dd/8657dd9dbc90ecb2a74143340549e983.jpg', 4, 3),
    (28, 'Mì gà tần', 70, 4.7, 450, 'https://i.pinimg.com/736x/b8/cd/a2/b8cda2ffdd0a1243ce3916625c4c7e89.jpg', 2, 4),
    (29, 'Cháo trắng', 12, 4.6, 125, 'https://i.pinimg.com/736x/1e/45/c8/1e45c81a141c4acf3011e26ca863dfce.jpg', 3, 5),
    (30, 'Cháo sườn', 35, 4.6, 300, 'https://i.pinimg.com/736x/fe/4d/d0/fe4dd0224f8c248cdb424bf0fc9998cd.jpg', 3, 5),
    (31, 'Cháo lưỡi', 45, 4.6, 225, 'https://i.pinimg.com/736x/b8/c7/40/b8c740e241f83133a0f8f3dc8c780d4b.jpg', 3, 5),
    (32, 'Cháo móng giò', 35, 4.6, 275, 'https://i.pinimg.com/736x/9f/f0/df/9ff0dfd8c2b96b711301294120596695.jpg', 3, 5),
    (33, 'Mì bò', 45, 4.6, 450, 'https://i.pinimg.com/736x/57/33/11/573311e58f90bca62664a1c8f0de32e5.jpg', 2, 4),
    (34, 'Takoyaki', 39, 4.6, 175, 'https://i.pinimg.com/736x/57/93/07/57930742d9b0d41170f600be2c1fb8a2.jpg', 6, 4),
    (35, 'Kimbap', 35, 4.6, 275, 'https://i.pinimg.com/736x/38/2f/16/382f16af8eb48e7a11d238e5e497d2b3.jpg', 8, 1),
    (36, 'Cơm trộn Bibimbap', 35, 4.6, 550, 'https://i.pinimg.com/736x/fc/eb/de/fcebde1e3d6b3f63792749e0914f06a1.jpg', 1, 1),
    (37, 'Tokbokki', 35, 4.6, 350, 'https://i.pinimg.com/736x/69/cb/43/69cb432fdbc617e351845109947ae9f1.jpg', 8, 1),
    (38, 'Bò nướng Bulgogi', 120, 4.7, 600, 'https://i.pinimg.com/736x/85/34/c0/8534c04ee92182b4a6c95d3ae7ed545e.jpg', 8, 2),
    (39, 'Bibimbap', 110, 4.7, 750, 'https://i.pinimg.com/736x/67/0f/13/670f13d00ae7b3b8cc5ebcba23aba586.jpg', 1, 2),
    (40, 'Cơm tấm Sài Gòn', 40, 4.3, 500, 'https://i.pinimg.com/736x/70/83/b7/7083b797ace1ccefb8517c5cd0cd4b74.jpg', 1, 3),
    (41, 'Bún riêu cua', 35, 4.5, 350, 'https://i.pinimg.com/736x/af/3b/ba/af3bbae091427d8c11c741e09a34e9d8.jpg', 2, 4),
    (42, 'Bánh mì chảo', 50, 4.6, 600, 'https://i.pinimg.com/736x/99/32/5f/99325f293f586c324273d633c94095a2.jpg', 7, 5),
    (43, 'Cơm gà Hải Nam', 80, 4.4, 550, 'https://i.pinimg.com/736x/5c/cb/9c/5ccb9cc310e0ac5be1d2609a5c28353f.jpg', 1, 6),
    (44, 'Bánh xèo Nhật Bản', 70, 4.3, 300, 'https://i.pinimg.com/736x/aa/b7/fd/aab7fd65eb795ee371a037f82a699b5a.jpg', 6, 7),
    (45, 'Xôi chim', 40, 4.2, 450, 'https://i.pinimg.com/736x/61/d4/08/61d4087e66315e779e7f6bb496c3464c.jpg', 3, 8),
    (46, 'Bún đậu mắm tôm', 35, 4.2, 350, 'https://i.pinimg.com/736x/9b/0d/80/9b0d80ee7ff3b75b8fe313af80c75d4a.jpg', 2, 9),
    (47, 'Mì cay', 60, 4.0, 400, 'https://i.pinimg.com/736x/39/82/c7/3982c7f154717df842113ef2894e7138.jpg', 2, 10),
    (48, 'Cơm rang thập cẩm', 50, 4.5, 500, 'https://i.pinimg.com/736x/a0/eb/93/a0eb938b2336fb18ff3f00075b6325af.jpg', 1, 11),
    (49, 'Bún chả truyền thống', 40, 4.3, 450, 'https://i.pinimg.com/736x/fd/f4/97/fdf4976b7465358d77913114b770eb6e.jpg', 2, 12),
    (50, 'Bánh mì chả cá', 30, 4.6, 500, 'https://i.pinimg.com/736x/a5/f7/5b/a5f75b61f4ec90aa07c585745827091d.jpg', 7, 13),
    (51, 'Bún đậu mắm tôm', 40, 4.5, 350, 'https://i.pinimg.com/736x/a5/89/cf/a589cf5f4b4ed5e1d7443c807e2c9a84.jpg', 2, 14),
    (52, 'Phở bò', 50, 4.7, 450, 'https://i.pinimg.com/736x/11/ee/7a/11ee7af5bc5ca03b5ceda6af7a88a85d.jpg', 2, 15),
    (53, 'Sushi cuộn cá hồi', 120, 4.6, 300, 'https://i.pinimg.com/736x/ac/dc/24/acdc2411073819f0216c2f74d3d22f39.jpg', 6, 16),
    (54, 'Bánh xèo miền Trung', 45, 4.4, 400, 'https://i.pinimg.com/736x/2f/ab/2b/2fab2b34f113ad9fb0bdfaa2714311a5.jpg', 4, 17),
    (55, 'Gà rán', 80, 4.3, 600, 'https://i.pinimg.com/736x/bb/c3/1a/bbc31a772affac6658a9cc3d3e711214.jpg', 5, 18),
    (56, 'Bánh cuốn nóng', 30, 4.5, 350, 'https://i.pinimg.com/736x/a3/bb/c5/a3bbc555f74ccb8472facd31340740c9.jpg', 4, 19),
    (57, 'Mì ý sốt kem hải sản', 60, 4.6, 550, 'https://i.pinimg.com/736x/84/e5/28/84e528911a5b9cc13415d87bec67ae17.jpg', 2 20),
    (58, 'Bún đậu mắm tôm', 40, 4.2, 400, 'https://i.pinimg.com/736x/cb/93/71/cb9371ed1a45bb141427cf6598f47739.jpg', 2, 21),
    (59, 'Bánh mì kẹp thịt nướng', 35, 4.4, 450, 'https://i.pinimg.com/736x/90/37/7a/90377a83be3de2ca6f46a8f4f78c3ac1.jpg', 7, 22),
    (60, 'Sushi cuộn trứng cá hồi', 100, 4.5, 350, 'https://i.pinimg.com/736x/f5/7b/11/f57b11bd6ad08e97c8cf4d9ae960ee58.jpg', 6, 2),
    (61, 'Cơm rang kimchi', 45, 4.3, 500, 'https://i.pinimg.com/736x/c3/82/15/c382159e5d425c9d1f159d98443117e0.jpg', 1, 3),
    (62, 'Bún bò Huế', 50, 4.6, 450, 'https://i.pinimg.com/736x/04/b6/f9/04b6f958f5f053fbaefccddd1007aa48.jpg', 2, 4),
    (63, 'Pizza hải sản', 120, 4.5, 600, 'https://i.pinimg.com/736x/45/55/a9/4555a9479ef1df306141adaa14802fc7.jpg', 5, 5),
    (64, 'Cơm tấm sườn nướng', 45, 4.4, 500, 'https://i.pinimg.com/736x/3f/6a/df/3f6adfe26e251551e211bc10aa6dad82.jpg', 1, 6),
    (65, 'Bún đậu mắm tôm', 40, 4.3, 400, 'https://i.pinimg.com/736x/6a/65/ad/6a65ad1501e471b193ee434d630191cc.jpg', 2, 7),
    (66, 'Mì Ý sốt bò băm', 60, 4.4, 500, 'https://i.pinimg.com/736x/6a/4a/ef/6a4aefdb7b5f2d005345eca97f85f27a.jpg', 2, 8),
    (67, 'Bánh mì thịt nguội', 35, 4.5, 400, 'https://i.pinimg.com/736x/28/bd/ab/28bdabe10848afb6b45a269251d0935e.jpg', 7, 9),
    (68, 'Gà chiên giòn', 80, 4.3, 600, 'https://i.pinimg.com/736x/94/4e/0f/944e0f67024ddea0722c6bb8bfb0caf7.jpg', 5, 10),
    (69, 'Pizza hải sản', 120, 4.7, 550, 'https://i.pinimg.com/736x/18/da/5f/18da5f5e2b5498824a3cbdd0a8d94029.jpg', 5, 11),
    (70, 'Bánh mì chảo thịt heo', 40, 4.6, 500, 'https://i.pinimg.com/736x/f4/20/89/f42089d9d4881e4afc5c88f2e8c1fdaa.jpg', 7, 12),
    (71, 'Bún chả Hà Nội', 45, 4.6, 450, 'https://i.pinimg.com/736x/89/ba/2e/89ba2e01695f8626f9d4fd51f12ef25b.jpg', 2, 13),
    (72, 'Kimbap trứng cá hồi', 35, 4.5, 400, 'https://i.pinimg.com/736x/04/7a/97/047a97bbf9567166c856e11eec1966cf.jpg', 1, 14),
    (73, 'Gà rán giòn', 85, 4.4, 600, 'https://i.pinimg.com/736x/70/6c/c4/706cc4398ed06620bc9a07976a52e124.jpg', 5, 15),
    (74, 'Mì xào hải sản', 60, 4.6, 500, 'https://i.pinimg.com/736x/f4/f5/ae/f4f5aea8cab79cf6c8965e8931b7075c.jpg', 2, 16),
    (75, 'Bánh mì ốp la thịt nguội', 30, 4.4, 500, 'https://i.pinimg.com/736x/36/70/0f/36700f8c62c79730f5ae5c3d9f1304a1.jpg', 7, 17),
    (76, 'Salad rau trộn', 40, 4.3, 250, 'https://i.pinimg.com/736x/39/54/86/3954863e05d71f9eb0d34f223b804f47.jpg', 4, 18),
    (77, 'Cơm cuộn trứng cá ngừ', 50, 4.5, 450, 'https://th.bing.com/th/id/OIP.MbtlYhFF9mXIBqJBCbfpGgHaEo?rs=1&pid=ImgDetMain', 1, 19),
    (78, 'Bún chả cá Lã Vọng', 60, 4.7, 500, 'https://i.pinimg.com/236x/c8/a0/78/c8a078d426859d4777a4e91133651f96.jpg', 2, 20),
    (79, 'Bánh xèo tôm thịt', 40, 4.4, 450, 'https://i.pinimg.com/736x/1c/f3/83/1cf3836f0008f3a6de8e4a4ca7566bf0.jpg', 4, 21),
    (80, 'Mì gà xé phay', 50, 4.5, 550, 'https://i.pinimg.com/736x/ef/d9/5c/efd95ce219cb86cb0d54bf1fb6626c77.jpg', 2, 22),
    (81, 'Gỏi cuốn tôm thịt', 40, 4.6, 300, 'https://i.pinimg.com/736x/dd/45/96/dd45963967ffa9e5ba00e8f62b0937a0.jpg', 4, 23),
    (82, 'Mì Ý sốt kem tôm', 65, 4.6, 550, 'https://i.pinimg.com/736x/61/b0/7a/61b07a4656477d646ea84fb27439857a.jpg', 2, 24),
    (83, 'Mì gà trứng muối', 45, 4.4, 500, 'https://static.riviu.co/960/image/2021/01/27/5a9f1b8469622adb3fed0f358cc0df25_output.jpeg', 2, 25),
    (84, 'Mì xào tôm thịt', 55, 4.5, 500, 'https://i.pinimg.com/736x/ea/04/4c/ea044c2c2a81a6b3f0398e2d54d5e59b.jpg', 2, 26),
    (85, 'Cơm rang dưa bò', 60, 4.3, 600, 'https://i.pinimg.com/736x/40/45/c5/4045c5ee9388fe1949d8449d5d884ec8.jpg', 1, 27),
    (86, 'Cháo gà xé phay', 35, 4.5, 350, 'https://i.pinimg.com/236x/06/12/6a/06126aa1fa8ae4d83e1f924a18082bc7.jpg', 3, 28);
    (87, 'Phở trộn thịt bò', 55, 4.6, 450, 'https://i.pinimg.com/736x/40/57/2a/40572a626cda8da4fa245f94d3516018.jpg', 2, 29),
    (88, 'Bánh bao chay', 15, 4.4, 300, 'https://i.pinimg.com/236x/1a/d9/50/1ad9503afea9e5a6da3cc772a4082880.jpg', 3, 1),
    (89, 'Bánh cuốn nhân thịt', 35, 4.6, 350, 'https://i.pinimg.com/736x/18/5e/ca/185eca0f3b73db7561ad25d83181baec.jpg', 4, 2),
    (90, 'Phở gà', 50, 4.7, 400, 'https://i.pinimg.com/236x/fb/e8/e2/fbe8e2a3ef0d445f185e26bd3b8c6837.jpg', 2, 3),
    (91, 'Xôi chè đậu xanh', 25, 4.5, 300, 'https://i.pinimg.com/736x/90/52/dd/9052dd4e9f11a0e58c365fe2a4abc721.jpg', 3, 4),
    (92, 'Bánh xèo tôm thịt', 40, 4.4, 500, 'https://i.pinimg.com/736x/67/1c/6a/671c6a2aae442058d121b82605574d24.jpg', 4, 5),
    (93, 'Gà rán giòn kiểu KFC', 85, 4.3, 600, 'https://i.pinimg.com/736x/b5/cb/37/b5cb37a6d71ac253cdbf130aeb2135c4.jpg', 5, 6),
    (94, 'Mì udon thịt bò', 60, 4.5, 500, 'https://i.pinimg.com/236x/fe/3b/d3/fe3bd380e13e52ae95e35083c1a616ed.jpg', 6, 7),
    (95, 'Bánh mì thịt nướng', 30, 4.6, 450, 'https://i.pinimg.com/236x/f5/f1/98/f5f1981d14514bf0ec99d57a505a91fc.jpg', 7, 8),
    (96, 'Cơm tấm sườn nướng', 70, 4.7, 650, 'https://i.pinimg.com/736x/45/f9/d7/45f9d7ed766057a781bfe4f7a2d55ac7.jpg', 1, 9),
    (97, 'Mì vịt tiềm', 60, 4.6, 500, 'https://i.pinimg.com/236x/29/51/00/295100c37301857dead1cf078a4949b2.jpg', 2, 10),
    (98, 'Bánh cuốn thịt lợn', 35, 4.6, 350, 'https://i.pinimg.com/236x/8c/2b/8d/8c2b8d289b3f94cc9e2be6157422c13c.jpg', 4, 11),
    (99, 'Bún đậu mắm tôm', 50, 4.5, 400, 'https://i.pinimg.com/236x/78/23/bc/7823bcc797ee4606303aacb4639a7c5d.jpg', 2, 12),
    (100, 'Bánh mì thịt xíu mại', 35, 4.4, 450, 'https://i.pinimg.com/736x/bb/29/dc/bb29dc94f7bd218187faf53aaea67361.jpg', 7, 13),
    (101, 'Mì xào bò', 55, 4.5, 500, 'https://i.pinimg.com/236x/9b/2c/34/9b2c343b09aa89d1e8b6a3fff61adb4b.jpg', 2, 14),
    (102, 'Cơm gà xối mỡ', 70, 4.7, 550, 'https://i.pinimg.com/736x/89/3c/b4/893cb49e26c273e0aa462cb964d5cc5c.jpg', 1, 15),
    (103, 'Bún bò Huế', 55, 4.6, 500, 'https://i.pinimg.com/236x/10/5b/4a/105b4a32a1f8beaa98f0050036c0b844.jpg', 2, 16),
    (104, 'Bánh cuốn chả mực', 45, 4.5, 400, 'https://i.pinimg.com/736x/06/45/18/06451893a175e166fc8c97e12b9ebcf5.jpg', 4, 17),
    (105, 'Mì hoành thánh tôm thịt', 60, 4.4, 550, 'https://i.pinimg.com/236x/74/60/89/746089307ceb9aeec65071ee20650098.jpg', 2, 18),
    (106, 'Cháo ếch', 40, 4.5, 350, 'https://i.pinimg.com/236x/35/97/71/359771e27432bd1c02a145c20fc109ad.jpg', 3, 19),
    (107, 'Bánh tráng cuốn thịt lợn', 30, 4.6, 300, 'https://i.pinimg.com/736x/2c/7b/fc/2c7bfc43c522458cdec8a4909194e3c0.jpg', 4, 20),
    (108, 'Phở bò tái', 45, 4.5, 400, 'https://i.pinimg.com/736x/a6/ee/4d/a6ee4da0f3e699ba601c6e9477955ea8.jpg', 2, 21),
    (109, 'Cơm trộn thập cẩm', 60, 4.4, 550, 'https://i.pinimg.com/736x/00/42/96/00429697b63a3ab93d2a3a5ea6e76819.jpg', 1, 22),
    (110, 'Mì xào Đài Loan', 65, 4.5, 600, 'https://i.pinimg.com/736x/c7/d7/09/c7d709ad32754c34b1a57f71d3e4b956.jpg', 2, 23),
    (111, 'Bánh bao thịt nướng', 25, 4.6, 300, 'https://statics.didau.com/image/2022/09/20/3bef34ffa4174ab18486cadcf89ecd36.jpg', 3, 24),
    (112, 'Cơm gà xối mỡ', 70, 4.7, 600, 'https://i.pinimg.com/736x/f9/5b/e5/f95be598b99601877045672b467a1858.jpg', 1, 25),
    (113, 'Bún chả nướng', 55, 4.5, 500, 'https://i.pinimg.com/736x/23/45/3f/23453fe0fa18624cf86bd8d1ec3d661e.jpg', 2, 26);


-- Sprint2
-- Nhập dữ liệu vào bảng User
INSERT INTO Users (user_id, username, password, email)
VALUES
    (1, 'john_doe', 'password123', 'john.doe@example.com'),
    (2, 'jane_smith', 'securePass456', 'jane.smith@example.com'),
    (3, 'alice_williams', 'qwerty789', 'alice.williams@example.com'),
    (4, 'bob_brown', 'mypassword321', 'bob.brown@example.com'),
    (5, 'carol_johnson', 'carol1234', 'carol.johnson@example.com'),
    (6, 'sarah_connor', 'terminator123', 'sarah.connor@example.com'),
    (7, 'bruce_wayne', 'batman456', 'bruce.wayne@example.com'),
    (8, 'clark_kent', 'superman789', 'clark.kent@example.com'),
    (9, 'diana_prince', 'wonderwoman321', 'diana.prince@example.com'),
    (10, 'tony_stark', 'ironman123', 'tony.stark@example.com');

-- Nhập dữ liệu vào bảng Cart
INSERT INTO Cart (user_id)
VALUES 
    (1),
    (2),
    (3),
    (4),
    (5),
    (6),
    (7),
    (8),
    (9),
    (10);


-- Nhập dữ liệu vào bảng Cart_items
INSERT INTO Cart_items (cart_id, dish_id)
VALUES 
    (1, 1),
    (1, 2),
    (2, 3),
    (2, 4),
    (3, 5),
    (3, 6),
    (4, 7),
    (5, 8),
    (5, 9),
    (6, 10),
    (6, 11),
    (7, 12),
    (7, 13),
    (8, 14),
    (8, 15),
    (9, 16),
    (10, 17),
    (10, 18);

-- Nhập dữ liệu vào bảng Order_items
INSERT INTO Order_items (cart_id, dish_id, price, quantity, total, status)
VALUES 
    (1, 1, 175.00, 2, 350.00, 'confirmed'),
    (1, 2, 129.00, 1, 129.00, 'not_confirmed'),
    (2, 3, 169.00, 3, 507.00, 'confirmed'),
    (2, 4, 119.00, 1, 119.00, 'not_confirmed'),
    (3, 5, 89.00, 4, 356.00, 'confirmed'),
    (3, 6, 179.00, 2, 358.00, 'not_confirmed'),
    (4, 7, 129.00, 1, 129.00, 'confirmed'),
    (5, 8, 139.00, 3, 417.00, 'confirmed'),
    (5, 9, 229.00, 1, 229.00, 'not_confirmed'),
    (6, 10, 155.00, 2, 310.00, 'confirmed'),
    (6, 11, 105.00, 1, 105.00, 'not_confirmed'),
    (7, 12, 145.00, 3, 435.00, 'confirmed'),
    (7, 13, 115.00, 2, 230.00, 'not_confirmed'),
    (8, 14, 195.00, 1, 195.00, 'confirmed'),
    (8, 15, 135.00, 2, 270.00, 'not_confirmed'),
    (9, 16, 125.00, 1, 125.00, 'confirmed'),
    (10, 17, 165.00, 4, 660.00, 'confirmed'),
    (10, 18, 185.00, 1, 185.00, 'not_confirmed');

-- Nhập dữ liệu vào bảng Feedback
INSERT INTO Feedback (user_id, dish_id, rating, comment)
VALUES 
    (1, 1, 4.5, 'Món ăn ngon, hương vị vừa miệng.'),
    (2, 2, 4.0, 'Hương vị ổn, cần cải thiện gia vị.'),
    (3, 3, 5.0, 'Hài lòng, món ăn rất ngon.'),
    (4, 4, 3.5, 'Món ăn ngon nhưng cần giữ nóng lâu hơn.'),
    (5, 5, 4.7, 'Hương vị tốt, đáng giá tiền.'),
    (1, 6, 4.2, 'Ngon nhưng giá hơi cao.'),
    (2, 7, 4.8, 'Trình bày đẹp, món ăn rất ngon.'),
    (3, 8, 4.3, 'Hương vị tốt, phù hợp với giá tiền.'),
    (4, 9, 4.6, 'Món ăn vừa miệng, trình bày đẹp.'),
    (6, 10, 4.1, 'Ngon nhưng hơi mặn một chút.'),
    (7, 11, 4.4, 'Trình bày đẹp, hương vị ấn tượng.'),
    (8, 12, 4.9, 'Rất ngon, xứng đáng điểm cao.'),
    (9, 13, 3.8, 'Hương vị ổn nhưng không đặc sắc.'),
    (10, 14, 5.0, 'Món ăn tuyệt vời, không có gì để chê.'),
    (6, 15, 4.3, 'Ngon, nhưng giá hơi đắt.'),
    (7, 16, 4.5, 'Hương vị rất tinh tế, nên thử.'),
    (8, 17, 4.6, 'Món ăn ngon, rất hài lòng.'),
    (9, 18, 4.7, 'Hương vị tuyệt vời, sẽ đặt lại.');

-- Nhập dữ liệu vào bảng Favorite_dish
INSERT INTO Favorite_dish (user_id, dish_id, is_favorite)
VALUES
    (1, 1, TRUE),
    (1, 2, TRUE),
    (1, 8, TRUE),
    (1, 10, TRUE),
    (1, 15, TRUE),
    (1, 27, TRUE),
    (1, 31, TRUE),
    (1, 42, TRUE),
    (1, 50, TRUE),
    (1, 55, TRUE),
    (1, 62, TRUE),
    (1, 74, TRUE),
    (1, 86, TRUE),
    (1, 110, TRUE),
    (1, 113, TRUE),
    (2, 3, TRUE),
    (2, 4, TRUE),
    (3, 5, TRUE),
    (3, 6, TRUE),
    (4, 7, TRUE),
    (4, 8, TRUE),
    (5, 9, TRUE),
    (5, 10, TRUE),
    (6, 1, TRUE),
    (6, 3, TRUE),
    (7, 4, TRUE),
    (7, 5, TRUE),
    (8, 6, TRUE),
    (8, 7, TRUE),
    (9, 8, TRUE),
    (9, 9, TRUE),
    (10, 10, TRUE),
    (10, 1, TRUE);
